timestamp_ms,altitude,yaw,pitch,roll,axial_overload,dharma_overload,lateral_overload,longitude,latitude,IAS,intake_pressure,throttle_lever_displacement,engine_speed,rudder_deflection,elevator_deflection,aileron_deflection,vertical_speed,roll_rate,yaw_rate,pitch_rate,engine_temperature,propeller_pitch,AOA,undercarriage,flape,ground_speed,Altitude_AGL
1763991416074,6.397320,272.309692,1.176098,-0.386371,-0.027098,0.999630,-0.001026,121.565184,25.069137,0.000150,213.642483,0.000000,753.275882,0.000000,0.000000,0.000000,-0.000000,0.005628,0.002774,0.064490,273.015900,0.000000,0.006972,1.000000,0.000000,0.000150,0.090553
1763991416165,6.397319,272.309692,1.176207,-0.386354,-0.027053,0.999626,-0.001029,121.565184,25.069137,0.000145,213.642386,0.000000,753.280326,0.000000,0.000000,0.000000,-0.000001,0.010444,-0.001541,0.070208,273.020782,0.000000,0.006375,1.000000,0.000000,0.000145,0.090552
1763991416275,6.397317,272.309692,1.176316,-0.386343,-0.027101,0.999630,-0.001034,121.565184,25.069137,0.000092,213.642313,0.000000,753.276538,0.000000,0.000000,0.000000,-0.000002,0.003968,-0.004291,0.058805,273.026031,0.000000,0.001155,1.000000,0.000000,0.000092,0.090550
1763991416373,6.397316,272.309692,1.176416,-0.386325,-0.027094,0.999632,-0.001031,121.565184,25.069137,0.000106,213.642313,0.000000,753.275809,0.000000,0.000000,0.000000,-0.000003,0.010992,-0.010405,0.052342,273.031586,0.000000,0.000871,1.000000,0.000000,0.000106,0.090549
1763991416477,6.397316,272.309692,1.176404,-0.386332,-0.027195,0.999653,-0.001038,121.565184,25.069137,0.000510,213.642507,0.000000,753.252277,0.000000,0.000000,0.000000,-0.000004,-0.010516,-0.003403,-0.073573,273.036774,0.000000,-0.000406,1.000000,0.000000,0.000510,0.090549
1763991416579,6.397319,272.309692,1.176052,-0.386363,-0.027097,0.999651,-0.001039,121.565184,25.069137,0.000866,213.643403,0.000000,753.205649,0.000000,0.000000,0.000000,-0.000004,-0.016617,0.014346,-0.268901,273.042236,0.000000,-0.001951,1.000000,0.000000,0.000866,0.090552
1763991416676,6.397323,272.309692,1.175574,-0.386364,-0.026986,0.999625,-0.001031,121.565184,25.069137,0.000610,213.644663,0.000000,753.182117,0.000000,0.000000,0.000000,-0.000003,0.005073,0.015499,-0.274304,273.047119,0.000000,-0.002059,1.000000,0.000000,0.000610,0.090556
1763991416766,6.397326,272.309692,1.175194,-0.386355,-0.027060,0.999614,-0.001025,121.565184,25.069137,0.000346,213.645874,0.000000,753.169440,0.000000,0.000000,0.000000,-0.000001,-0.000377,0.013320,-0.177236,273.051880,0.000000,-0.001661,1.000000,0.000000,0.000346,0.090559
1763991416854,6.397327,272.309692,1.175074,-0.386376,-0.026917,0.999608,-0.001017,121.565184,25.069137,0.000134,213.646843,0.000000,753.161208,0.000000,0.000000,0.000000,0.000001,-0.018191,-0.000694,-0.010707,273.056335,0.000000,0.003989,1.000000,0.000000,0.000134,0.090560
1763991416966,6.397325,272.309692,1.175263,-0.386403,-0.027038,0.999624,-0.001002,121.565184,25.069137,0.000264,213.647860,0.000000,753.156545,0.000000,0.000000,0.000000,0.000003,-0.003777,-0.005555,0.144324,273.062256,0.000000,0.012045,1.000000,0.000000,0.000264,0.090558
1763991417071,6.397323,272.309692,1.175502,-0.386418,-0.027113,0.999648,-0.001000,121.565184,25.069137,0.000117,213.648490,0.000000,753.145544,0.000000,0.000000,0.000000,0.000003,-0.012266,-0.005354,0.088149,273.067627,0.000000,0.005299,1.000000,0.000000,0.000117,0.090556
1763991417153,6.397323,272.309692,1.175555,-0.386431,-0.027073,0.999645,-0.001002,121.565184,25.069137,0.000060,213.649096,0.000000,753.129953,0.000000,0.000000,0.000000,0.000003,-0.002594,-0.005383,0.003351,273.071716,0.000000,-0.002438,1.000000,0.000000,0.000060,0.090556
1763991417264,6.397324,272.309692,1.175486,-0.386420,-0.027032,0.999631,-0.001010,121.565184,25.069137,0.000143,213.650040,0.000000,753.112759,0.000000,0.000000,0.000000,0.000002,0.012614,-0.006247,-0.052446,273.077271,0.000000,-0.000592,1.000000,0.000000,0.000143,0.090557
1763991417369,6.397324,272.309692,1.175391,-0.386392,-0.027020,0.999627,-0.001024,121.565184,25.069137,0.000164,213.650937,0.000000,753.100956,0.000000,0.000000,0.000000,0.000002,0.014724,0.000655,-0.050306,273.082703,0.000000,-0.000840,1.000000,0.000000,0.000164,0.090558
1763991417470,6.397325,272.309692,1.175329,-0.386367,-0.027041,0.999628,-0.001035,121.565184,25.069137,0.000127,213.651688,0.000000,753.091048,0.000000,0.000000,0.000000,0.000003,0.012714,-0.000096,-0.028627,273.087708,0.000000,-0.000630,1.000000,0.000000,0.000127,0.090558
1763991417567,6.397326,272.309692,1.175277,-0.386362,-0.027081,0.999619,-0.001043,121.565184,25.069137,0.000084,213.652414,0.000000,753.075238,0.000000,0.000000,0.000000,0.000003,-0.002279,0.007327,-0.017094,273.092285,0.000000,-0.000171,1.000000,0.000000,0.000084,0.090559
1763991417665,6.397326,272.309692,1.175264,-0.386362,-0.027030,0.999630,-0.001043,121.565184,25.069137,0.000053,213.653286,0.000000,753.058117,0.000000,0.000000,0.000000,0.000003,0.002147,0.012713,0.002159,273.097534,0.000000,-0.002544,1.000000,0.000000,0.000053,0.090559
1763991417773,6.397326,272.309692,1.175297,-0.386346,-0.027071,0.999635,-0.001032,121.565184,25.069137,0.000099,213.654134,0.000000,753.048792,0.000000,0.000000,0.000000,0.000003,0.005419,0.005801,0.013403,273.102783,0.000000,-0.004811,1.000000,0.000000,0.000099,0.090559
1763991417870,6.397326,272.309692,1.175301,-0.386363,-0.027058,0.999634,-0.001027,121.565184,25.069137,0.000112,213.654909,0.000000,753.031307,0.000000,0.000000,0.000000,0.000003,-0.019317,0.005673,-0.010433,273.107544,0.000000,-0.000264,1.000000,0.000000,0.000112,0.090559
1763991417963,6.397326,272.309692,1.175307,-0.386389,-0.027078,0.999634,-0.001017,121.565184,25.069137,0.000111,213.655757,0.000000,753.017974,0.000000,0.000000,0.000000,0.000003,-0.011214,0.001934,0.008645,273.112427,0.000000,-0.004730,1.000000,0.000000,0.000111,0.090559
1763991418078,6.397327,272.309692,1.175271,-0.386408,-0.027032,0.999633,-0.001009,121.565184,25.069137,0.000091,213.656775,0.000000,753.000634,0.000000,0.000000,0.000000,0.000003,-0.007074,0.003990,-0.043185,273.118103,0.000000,-0.000641,1.000000,0.000000,0.000091,0.090560
1763991418187,6.397327,272.309692,1.175218,-0.386387,-0.026984,0.999630,-0.000996,121.565184,25.069137,0.000119,213.657622,0.000000,753.002529,0.000000,0.000000,0.000000,0.000003,0.026790,-0.007896,-0.012975,273.123352,0.000000,-0.005792,1.000000,0.000000,0.000119,0.090560
1763991418279,6.397327,272.309631,1.175281,-0.386347,-0.027023,0.999622,-0.001001,121.565184,25.069137,0.000363,213.657865,0.000000,753.024021,0.000000,0.000000,0.000000,0.000003,0.016718,-0.022728,0.076426,273.128479,0.000000,0.017773,1.000000,0.000000,0.000363,0.090560
1763991418363,6.397326,272.309570,1.175414,-0.386330,-0.027080,0.999632,-0.001012,121.565184,25.069137,0.000275,213.657719,0.000000,753.032254,0.000000,0.000000,0.000000,0.000003,0.009899,-0.019807,0.087669,273.132812,0.000000,0.013191,1.000000,0.000000,0.000275,0.090559
1763991418475,6.397325,272.309570,1.175581,-0.386315,-0.026995,0.999630,-0.001024,121.565184,25.069137,0.000240,213.657453,0.000000,753.040122,0.000000,0.000000,0.000000,0.000002,0.008817,-0.005183,0.077998,273.138428,0.000000,0.011172,1.000000,0.000000,0.000240,0.090558
1763991418568,6.397323,272.309570,1.175723,-0.386318,-0.027008,0.999631,-0.001037,121.565184,25.069137,0.000195,213.657186,0.000000,753.040778,0.000000,0.000000,0.000000,0.000001,-0.006451,0.010969,0.084383,273.142944,0.000000,0.008693,1.000000,0.000000,0.000195,0.090556
1763991418654,6.397322,272.309570,1.175855,-0.386325,-0.027095,0.999631,-0.001041,121.565184,25.069137,0.000152,213.657041,0.000000,753.037281,0.000000,0.000000,0.000000,0.000000,0.002926,0.010223,0.088319,273.147644,0.000000,0.006673,1.000000,0.000000,0.000152,0.090555
1763991418761,6.397321,272.309570,1.175966,-0.386298,-0.027102,0.999645,-0.001038,121.565184,25.069137,0.000016,213.656896,0.000000,753.036844,0.000000,0.000000,0.000000,-0.000001,0.019023,0.005884,0.019516,273.153137,0.000000,0.000604,1.000000,0.000000,0.000016,0.090554
1763991418867,6.397322,272.309570,1.175827,-0.386260,-0.027093,0.999656,-0.001036,121.565184,25.069137,0.000271,213.656920,0.000000,753.027737,0.000000,0.000000,0.000000,-0.000002,0.019142,0.005671,-0.153990,273.158508,0.000000,-0.001490,1.000000,0.000000,0.000271,0.090556
1763991418977,6.397325,272.309570,1.175521,-0.386248,-0.027039,0.999617,-0.001033,121.565184,25.069137,0.000205,213.657114,0.000000,753.026571,0.000000,0.000000,0.000000,-0.000002,-0.003814,0.003729,-0.126479,273.164001,0.000000,-0.001206,1.000000,0.000000,0.000205,0.090559
1763991419052,6.397326,272.309570,1.175445,-0.386263,-0.026957,0.999610,-0.001027,121.565184,25.069137,0.000121,213.657138,0.000000,753.034148,0.000000,0.000000,0.000000,-0.000001,-0.012451,0.008543,-0.000077,273.168121,0.000000,0.005997,1.000000,0.000000,0.000121,0.090559
1763991419171,6.397324,272.309570,1.175642,-0.386288,-0.027017,0.999626,-0.001015,121.565184,25.069137,0.000383,213.656871,0.000000,753.051415,0.000000,0.000000,0.000000,-0.000000,-0.010273,0.005075,0.158038,273.173737,0.000000,0.017828,1.000000,0.000000,0.000383,0.090557
1763991419272,6.397322,272.309570,1.175885,-0.386297,-0.027280,0.999647,-0.001010,121.565184,25.069137,0.000095,213.656411,0.000000,753.056515,0.000000,0.000000,0.000000,-0.000001,-0.006694,0.002050,0.081948,273.179047,0.000000,0.004377,1.000000,0.000000,0.000095,0.090555
1763991419373,6.397323,272.309570,1.175803,-0.386308,-0.027156,0.999658,-0.001011,121.565184,25.069137,0.000488,213.656314,0.000000,753.034367,0.000000,0.000000,0.000000,-0.000001,-0.002523,0.006258,-0.143791,273.183807,0.000000,-0.000990,1.000000,0.000000,0.000488,0.090556
1763991419473,6.397326,272.309570,1.175463,-0.386311,-0.026924,0.999625,-0.001018,121.565184,25.069137,0.000305,213.656629,0.000000,753.026498,0.000000,0.000000,0.000000,-0.000001,-0.000603,0.007592,-0.178187,273.188995,0.000000,-0.001224,1.000000,0.000000,0.000305,0.090559
1763991419569,6.397326,272.309570,1.175343,-0.386317,-0.026991,0.999602,-0.001024,121.565184,25.069137,0.000055,213.656823,0.000000,753.033492,0.000000,0.000000,0.000000,0.000000,-0.006472,0.005635,0.015485,273.193939,0.000000,0.001571,1.000000,0.000000,0.000055,0.090559
1763991419663,6.397325,272.309570,1.175491,-0.386331,-0.027022,0.999634,-0.001028,121.565184,25.069137,0.000260,213.656871,0.000000,753.037718,0.000000,0.000000,0.000000,0.000001,-0.002439,0.007716,0.124064,273.198761,0.000000,0.011991,1.000000,0.000000,0.000260,0.090558
1763991419752,6.397324,272.309570,1.175625,-0.386325,-0.027100,0.999655,-0.001030,121.565184,25.069137,0.000062,213.656896,0.000000,753.031307,0.000000,0.000000,0.000000,0.000000,0.006901,0.011379,0.028649,273.203400,0.000000,-0.002984,1.000000,0.000000,0.000062,0.090557
1763991419875,6.397326,272.309631,1.175477,-0.386327,-0.027107,0.999647,-0.001033,121.565184,25.069137,0.000379,213.657235,0.000000,753.003257,0.000000,0.000000,0.000000,0.000000,-0.003561,0.020986,-0.148915,273.209564,0.000000,-0.001292,1.000000,0.000000,0.000379,0.090559
1763991419961,6.397328,272.309631,1.175220,-0.386317,-0.026979,0.999625,-0.001029,121.565184,25.069137,0.000150,213.657792,0.000000,752.999105,0.000000,0.000000,0.000000,0.000001,0.009161,0.014954,-0.150495,273.214020,0.000000,-0.001704,1.000000,0.000000,0.000150,0.090561
1763991420053,6.397330,272.309631,1.175086,-0.386307,-0.026955,0.999616,-0.001024,121.565184,25.069137,0.000186,213.658155,0.000000,753.007119,0.000000,0.000000,0.000000,0.000002,0.006673,0.010870,-0.037839,273.218597,0.000000,-0.008700,1.000000,0.000000,0.000186,0.090563
1763991420165,6.397329,272.309631,1.175241,-0.386310,-0.026953,0.999609,-0.001015,121.565184,25.069137,0.000640,213.658058,0.000000,753.033055,0.000000,0.000000,0.000000,0.000003,-0.004155,0.002166,0.172296,273.224396,0.000000,0.030859,1.000000,0.000000,0.000640,0.090561
1763991420273,6.397324,272.309631,1.175719,-0.386330,-0.027038,0.999619,-0.001011,121.565184,25.069137,0.000765,213.657380,0.000000,753.058482,0.000000,0.000000,0.000000,0.000003,-0.013971,-0.002833,0.306324,273.229828,0.000000,0.035908,1.000000,0.000000,0.000765,0.090558
1763991420358,6.397320,272.309631,1.176228,-0.386360,-0.027082,0.999622,-0.001009,121.565184,25.069137,0.000787,213.656678,0.000000,753.076185,0.000000,0.000000,0.000000,0.000001,-0.022298,-0.004226,0.365324,273.234283,0.000000,0.036360,1.000000,0.000000,0.000787,0.090553
1763991420463,6.397315,272.309631,1.176818,-0.386380,-0.027245,0.999673,-0.001006,121.565184,25.069137,0.000326,213.655781,0.000000,753.081431,0.000000,0.000000,0.000000,-0.000002,0.008774,-0.001308,0.207627,273.239838,0.000000,0.014631,1.000000,0.000000,0.000326,0.090548
1763991420569,6.397315,272.309631,1.176824,-0.386356,-0.027331,0.999671,-0.001023,121.565184,25.069137,0.000636,213.655345,0.000000,753.058409,0.000000,0.000000,0.000000,-0.000005,0.016557,-0.001081,-0.159909,273.245148,0.000000,-0.001185,1.000000,0.000000,0.000636,0.090548
1763991420663,6.397319,272.309631,1.176311,-0.386319,-0.027011,0.999639,-0.001035,121.565184,25.069137,0.000812,213.655660,0.000000,753.038082,0.000000,0.000000,0.000000,-0.000006,0.022036,0.000755,-0.346827,273.250214,0.000000,-0.002399,1.000000,0.000000,0.000812,0.090552
1763991420755,6.397323,272.309631,1.175835,-0.386295,-0.026927,0.999609,-0.001044,121.565184,25.069137,0.000421,213.655975,0.000000,753.038374,0.000000,0.000000,0.000000,-0.000005,0.013961,0.002879,-0.239798,273.254852,0.000000,-0.001739,1.000000,0.000000,0.000421,0.090556
1763991420866,6.397324,272.309631,1.175662,-0.386287,-0.026935,0.999604,-0.001048,121.565184,25.069137,0.000056,213.656120,0.000000,753.048573,0.000000,0.000000,0.000000,-0.000003,-0.004841,0.004760,0.015103,273.260223,0.000000,0.002289,1.000000,0.000000,0.000056,0.090557
1763991420972,6.397323,272.309631,1.175803,-0.386313,-0.027094,0.999634,-0.001042,121.565184,25.069137,0.000144,213.656145,0.000000,753.040924,0.000000,0.000000,0.000000,-0.000002,-0.023324,0.010025,0.080033,273.265778,0.000000,0.005845,1.000000,0.000000,0.000144,0.090556
1763991421063,6.397322,272.309631,1.175868,-0.386346,-0.027162,0.999649,-0.001026,121.565184,25.069137,0.000233,213.656460,0.000000,753.019504,0.000000,0.000000,0.000000,-0.000002,-0.016918,0.017400,-0.003392,273.270416,0.000000,0.000067,1.000000,0.000000,0.000233,0.090555
1763991421162,6.397323,272.309631,1.175759,-0.386363,-0.027059,0.999642,-0.001011,121.565184,25.069137,0.000336,213.657138,0.000000,752.999177,0.000000,0.000000,0.000000,-0.000001,-0.002895,0.013107,-0.100581,273.275421,0.000000,-0.000706,1.000000,0.000000,0.000336,0.090556
1763991421259,6.397324,272.309631,1.175584,-0.386369,-0.026992,0.999622,-0.001005,121.565184,25.069137,0.000234,213.657913,0.000000,752.990362,0.000000,0.000000,0.000000,-0.000001,-0.003278,0.005370,-0.082979,273.280304,0.000000,-0.000468,1.000000,0.000000,0.000234,0.090557
1763991421364,6.397324,272.309631,1.175528,-0.386373,-0.027005,0.999620,-0.001003,121.565184,25.069137,0.000029,213.658446,0.000000,752.992839,0.000000,0.000000,0.000000,0.000000,-0.004563,-0.001826,0.011785,273.285309,0.000000,0.001273,1.000000,0.000000,0.000029,0.090558
1763991421460,6.397323,272.309631,1.175657,-0.386384,-0.027089,0.999629,-0.001007,121.565184,25.069137,0.000148,213.658761,0.000000,752.995607,0.000000,0.000000,0.000000,0.000001,-0.014170,-0.002220,0.100702,273.290436,0.000000,0.006429,1.000000,0.000000,0.000148,0.090556
1763991421563,6.397322,272.309631,1.175809,-0.386409,-0.027117,0.999638,-0.001017,121.565184,25.069137,0.000109,213.659027,0.000000,752.982348,0.000000,0.000000,0.000000,0.000000,-0.012061,0.002104,0.065784,273.295502,0.000000,0.004570,1.000000,0.000000,0.000109,0.090555
1763991421658,6.397322,272.309631,1.175801,-0.386405,-0.027152,0.999640,-0.001024,121.565184,25.069137,0.000232,213.659609,0.000000,752.961365,0.000000,0.000000,0.000000,-0.000000,0.012017,0.007112,-0.058667,273.300385,0.000000,-0.000640,1.000000,0.000000,0.000232,0.090555
1763991421757,6.397324,272.309631,1.175635,-0.386385,-0.027048,0.999641,-0.001032,121.565184,25.069137,0.000376,213.660384,0.000000,752.940675,0.000000,0.000000,0.000000,-0.000000,0.012719,0.007962,-0.123128,273.305145,0.000000,-0.000926,1.000000,0.000000,0.000376,0.090557
1763991421860,6.397326,272.309631,1.175399,-0.386351,-0.027042,0.999632,-0.001035,121.565184,25.069137,0.000214,213.661256,0.000000,752.930985,0.000000,0.000000,0.000000,0.000001,0.022914,0.006492,-0.126692,273.310211,0.000000,-0.001298,1.000000,0.000000,0.000214,0.090559
1763991421953,6.397327,272.309631,1.175245,-0.386334,-0.027091,0.999621,-0.001038,121.565184,25.069137,0.000280,213.661934,0.000000,752.919765,0.000000,0.000000,0.000000,0.000002,0.000047,0.006796,-0.075098,273.314728,0.000000,-0.000509,1.000000,0.000000,0.000280,0.090560
1763991422055,6.397328,272.309631,1.175170,-0.386342,-0.026964,0.999632,-0.001034,121.565184,25.069137,0.000099,213.662806,0.000000,752.909857,0.000000,0.000000,0.000000,0.000003,0.000452,0.008222,-0.006388,273.319916,0.000000,-0.004711,1.000000,0.000000,0.000099,0.090561
1763991422161,6.397327,272.309631,1.175255,-0.386349,-0.027084,0.999628,-0.001026,121.565184,25.069137,0.000160,213.663387,0.000000,752.907380,0.000000,0.000000,0.000000,0.000003,-0.007148,0.011241,0.071634,273.324799,0.000000,0.007605,1.000000,0.000000,0.000160,0.090560
1763991422258,6.397327,272.309631,1.175327,-0.386372,-0.027092,0.999632,-0.001019,121.565184,25.069137,0.000105,213.663920,0.000000,752.892954,0.000000,0.000000,0.000000,0.000004,-0.016172,0.007143,0.034580,273.329498,0.000000,0.004916,1.000000,0.000000,0.000105,0.090560
1763991422365,6.397327,272.309631,1.175406,-0.386392,-0.027007,0.999626,-0.001010,121.565184,25.069137,0.000221,213.664526,0.000000,752.890040,0.000000,0.000000,0.000000,0.000003,-0.011677,0.007033,0.059871,273.334564,0.000000,0.010741,1.000000,0.000000,0.000221,0.090559
1763991422467,6.397326,272.309631,1.175524,-0.386400,-0.027062,0.999638,-0.001006,121.565184,25.069137,0.000341,213.664841,0.000000,752.893246,0.000000,0.000000,0.000000,0.000003,0.000246,0.006099,0.055686,273.339752,0.000000,-0.017008,1.000000,0.000000,0.000341,0.090559
1763991422561,6.397326,272.309631,1.175565,-0.386396,-0.027182,0.999636,-0.001009,121.565184,25.069137,0.000082,213.665059,0.000000,752.889093,0.000000,0.000000,0.000000,0.000003,0.002174,0.006627,-0.005989,273.344574,0.000000,-0.003584,1.000000,0.000000,0.000082,0.090559
1763991422671,6.397328,272.309631,1.175455,-0.386376,-0.026977,0.999620,-0.001013,121.565184,25.069137,0.000115,213.665422,0.000000,752.889166,0.000000,0.000000,0.000000,0.000002,0.018226,0.005197,-0.049920,273.350372,0.000000,-0.004953,1.000000,0.000000,0.000115,0.090560
1763991422762,6.397327,272.309631,1.175466,-0.386338,-0.027001,0.999611,-0.001015,121.565184,25.069137,0.000330,213.665350,0.000000,752.909711,0.000000,0.000000,0.000000,0.000002,0.029938,-0.005311,0.051469,273.354431,0.000000,0.016066,1.000000,0.000000,0.000330,0.090560
1763991422854,6.397326,272.309631,1.175652,-0.386300,-0.027075,0.999620,-0.001023,121.565184,25.069137,0.000361,213.664841,0.000000,752.932005,0.000000,0.000000,0.000000,0.000002,0.012661,-0.013514,0.144709,273.359375,0.000000,0.016797,1.000000,0.000000,0.000361,0.090559
1763991422963,6.397323,272.309631,1.175956,-0.386281,-0.027044,0.999641,-0.001030,121.565184,25.069137,0.000339,213.664066,0.000000,752.950291,0.000000,0.000000,0.000000,0.000001,0.012978,-0.015956,0.152036,273.364807,0.000000,0.015729,1.000000,0.000000,0.000339,0.090556
1763991423051,6.397322,272.309631,1.176118,-0.386252,-0.027198,0.999644,-0.001033,121.565184,25.069137,0.000128,213.663339,0.000000,752.960491,0.000000,0.000000,0.000000,-0.000000,0.017226,-0.015666,0.060170,273.369446,0.000000,0.006058,1.000000,0.000000,0.000128,0.090555
1763991423151,6.397323,272.309631,1.176046,-0.386224,-0.027137,0.999641,-0.001040,121.565184,25.069137,0.000220,213.662661,0.000000,752.958524,0.000000,0.000000,0.000000,-0.000001,0.011274,-0.008294,-0.104583,273.374634,0.000000,-0.000876,1.000000,0.000000,0.000220,0.090556
1763991423247,6.397324,272.309631,1.175846,-0.386218,-0.027085,0.999627,-0.001043,121.565184,25.069137,0.000188,213.662249,0.000000,752.959690,0.000000,0.000000,0.000000,-0.000002,0.006452,-0.001651,-0.113157,273.379456,0.000000,-0.000936,1.000000,0.000000,0.000188,0.090558
1763991423355,6.397326,272.309631,1.175685,-0.386204,-0.027013,0.999620,-0.001036,121.565184,25.069137,0.000090,213.661886,0.000000,752.971201,0.000000,0.000000,0.000000,-0.000001,0.011514,-0.002899,-0.048628,273.384766,0.000000,-0.000847,1.000000,0.000000,0.000090,0.090559
1763991423476,6.397326,272.309631,1.175667,-0.386195,-0.026983,0.999628,-0.001026,121.565184,25.069137,0.000185,213.661280,0.000000,752.991892,0.000000,0.000000,0.000000,-0.000000,-0.002225,-0.004849,0.012408,273.390381,0.000000,-0.009223,1.000000,0.000000,0.000185,0.090559
1763991423575,6.397325,272.309631,1.175791,-0.386209,-0.027037,0.999617,-0.001016,121.565184,25.069137,0.000406,213.660384,0.000000,753.018484,0.000000,0.000000,0.000000,-0.000000,-0.010768,-0.011557,0.116946,273.395752,0.000000,0.019383,1.000000,0.000000,0.000406,0.090558
1763991423678,6.397322,272.309601,1.176090,-0.386225,-0.027053,0.999627,-0.001007,121.565184,25.069137,0.000586,213.659270,0.000000,753.049593,0.000000,0.000000,0.000000,-0.000000,-0.004879,-0.019506,0.200433,273.400818,0.000000,0.027845,1.000000,0.000000,0.000586,0.090555
1763991423794,6.397319,272.309540,1.176438,-0.386261,-0.027173,0.999637,-0.001012,121.565184,25.069137,0.000305,213.657937,0.000000,753.065403,0.000000,0.000000,0.000000,-0.000002,-0.023154,-0.012182,0.163049,273.406250,0.000000,0.014087,1.000000,0.000000,0.000305,0.090552
1763991423863,6.397318,272.309540,1.176584,-0.386293,-0.027198,0.999649,-0.001019,121.565184,25.069137,0.000134,213.657162,0.000000,753.059356,0.000000,0.000000,0.000000,-0.000003,-0.020626,-0.000044,0.061515,273.410217,0.000000,0.000757,1.000000,0.000000,0.000134,0.090551
1763991423959,6.397318,272.309540,1.176575,-0.386329,-0.027059,0.999640,-0.001027,121.565184,25.069137,0.000225,213.656702,0.000000,753.048792,0.000000,0.000000,0.000000,-0.000004,-0.017297,0.014961,-0.039656,273.415100,0.000000,-0.000044,1.000000,0.000000,0.000225,0.090551
1763991424070,6.397318,272.309631,1.176510,-0.386363,-0.027054,0.999634,-0.001033,121.565184,25.069137,0.000229,213.656605,0.000000,753.037572,0.000000,0.000000,0.000000,-0.000005,-0.017316,0.024234,-0.035818,273.420471,0.000000,-0.000032,1.000000,0.000000,0.000229,0.090551
1763991424162,6.397318,272.309662,1.176484,-0.386394,-0.027098,0.999632,-0.001035,121.565184,25.069137,0.000223,213.656750,0.000000,753.024021,0.000000,0.000000,0.000000,-0.000005,-0.018816,0.025721,-0.008113,273.425537,0.000000,0.000248,1.000000,0.000000,0.000223,0.090551
1763991424245,6.397318,272.309723,1.176422,-0.386423,-0.027078,0.999642,-0.001031,121.565184,25.069137,0.000449,213.657186,0.000000,752.997210,0.000000,0.000000,0.000000,-0.000005,-0.012628,0.026098,-0.074489,273.429993,0.000000,-0.000191,1.000000,0.000000,0.000449,0.090551
1763991424351,6.397320,272.309753,1.176179,-0.386423,-0.027061,0.999642,-0.001020,121.565184,25.069137,0.000503,213.658228,0.000000,752.971565,0.000000,0.000000,0.000000,-0.000005,0.010457,0.013156,-0.168011,273.435364,0.000000,-0.001076,1.000000,0.000000,0.000503,0.090553
1763991424445,6.397322,272.309753,1.175871,-0.386406,-0.027074,0.999639,-0.001019,121.565184,25.069137,0.000533,213.659173,0.000000,752.953570,0.000000,0.000000,0.000000,-0.000004,0.006741,0.002242,-0.203451,273.440002,0.000000,-0.001490,1.000000,0.000000,0.000533,0.090555
1763991424566,6.397326,272.309753,1.175473,-0.386381,-0.026930,0.999624,-0.001014,121.565184,25.069137,0.000249,213.660384,0.000000,752.942205,0.000000,0.000000,0.000000,-0.000001,0.021678,-0.008289,-0.159896,273.445923,0.000000,-0.001271,1.000000,0.000000,0.000249,0.090559
1763991424666,6.397327,272.309753,1.175370,-0.386348,-0.027000,0.999618,-0.001012,121.565184,25.069137,0.000054,213.661014,0.000000,752.954736,0.000000,0.000000,0.000000,0.000001,0.009360,-0.018516,0.008715,273.450928,0.000000,-0.002657,1.000000,0.000000,0.000054,0.090559
1763991424758,6.397326,272.309753,1.175430,-0.386342,-0.027038,0.999627,-0.001014,121.565184,25.069137,0.000143,213.661256,0.000000,752.957796,0.000000,0.000000,0.000000,0.000002,-0.000695,-0.018918,0.050556,273.455688,0.000000,0.006980,1.000000,0.000000,0.000143,0.090559
1763991424853,6.397325,272.309753,1.175558,-0.386359,-0.027028,0.999623,-0.001018,121.565184,25.069137,0.000162,213.661401,0.000000,752.954590,0.000000,0.000000,0.000000,0.000003,-0.011265,-0.007202,0.101354,273.460205,0.000000,0.007152,1.000000,0.000000,0.000162,0.090559
1763991424959,6.397324,272.309753,1.175768,-0.386369,-0.027055,0.999642,-0.001021,121.565184,25.069137,0.000224,213.661571,0.000000,752.952841,0.000000,0.000000,0.000000,0.000002,-0.000960,-0.004224,0.105050,273.465393,0.000000,0.010664,1.000000,0.000000,0.000224,0.090557
1763991425076,6.397324,272.309753,1.175847,-0.386356,-0.027156,0.999648,-0.001024,121.565184,25.069137,0.000083,213.661789,0.000000,752.942059,0.000000,0.000000,0.000000,0.000002,0.018009,-0.005800,-0.030619,273.471008,0.000000,-0.000838,1.000000,0.000000,0.000083,0.090557
1763991425160,6.397325,272.309753,1.175703,-0.386319,-0.027078,0.999634,-0.001025,121.565184,25.069137,0.000168,213.662055,0.000000,752.938562,0.000000,0.000000,0.000000,0.000002,0.027155,-0.011254,-0.127126,273.475220,0.000000,-0.001425,1.000000,0.000000,0.000168,0.090559
1763991425278,6.397327,272.309753,1.175497,-0.386287,-0.026964,0.999615,-0.001030,121.565184,25.069137,0.000060,213.662225,0.000000,752.946139,0.000000,0.000000,0.000000,0.000003,0.008155,-0.016162,-0.052024,273.480896,0.000000,-0.002489,1.000000,0.000000,0.000060,0.090560
1763991425371,6.397327,272.309753,1.175539,-0.386287,-0.026971,0.999617,-0.001033,121.565184,25.069137,0.000379,213.662104,0.000000,752.959326,0.000000,0.000000,0.000000,0.000003,-0.004291,-0.015607,0.078614,273.485657,0.000000,0.018485,1.000000,0.000000,0.000379,0.090560
1763991425459,6.397325,272.309753,1.175749,-0.386301,-0.027096,0.999628,-0.001030,121.565184,25.069137,0.000470,213.661837,0.000000,752.969161,0.000000,0.000000,0.000000,0.000003,-0.006037,-0.012287,0.154174,273.490173,0.000000,0.022564,1.000000,0.000000,0.000470,0.090559
1763991425574,6.397323,272.309753,1.176019,-0.386305,-0.027116,0.999627,-0.001020,121.565184,25.069137,0.000292,213.661425,0.000000,752.977175,0.000000,0.000000,0.000000,0.000002,-0.003245,-0.014249,0.134551,273.495605,0.000000,0.013521,1.000000,0.000000,0.000292,0.090557
1763991425668,6.397322,272.309723,1.176202,-0.386310,-0.027089,0.999639,-0.001017,121.565184,25.069137,0.000230,213.660989,0.000000,752.985335,0.000000,0.000000,0.000000,0.000001,-0.005515,-0.018418,0.087328,273.500549,0.000000,0.010867,1.000000,0.000000,0.000230,0.090555
1763991425748,6.397321,272.309723,1.176301,-0.386317,-0.027134,0.999639,-0.001017,121.565184,25.069137,0.000124,213.660674,0.000000,752.989998,0.000000,0.000000,0.000000,-0.000000,-0.002639,-0.015695,0.045154,273.504822,0.000000,0.005984,1.000000,0.000000,0.000124,0.090554
1763991425849,6.397321,272.309723,1.176302,-0.386337,-0.027139,0.999639,-0.001023,121.565184,25.069137,0.000162,213.660384,0.000000,752.981036,0.000000,0.000000,0.000000,-0.000001,-0.014985,-0.008183,-0.036236,273.509766,0.000000,-0.000130,1.000000,0.000000,0.000162,0.090554
1763991425975,6.397322,272.309723,1.176165,-0.386337,-0.027084,0.999637,-0.001024,121.565184,25.069137,0.000140,213.660384,0.000000,752.977029,0.000000,0.000000,0.000000,-0.000002,0.007289,-0.007288,-0.080679,273.516174,0.000000,-0.000716,1.000000,0.000000,0.000140,0.090555
1763991426061,6.397324,272.309723,1.176010,-0.386316,-0.027127,0.999632,-0.001026,121.565184,25.069137,0.000250,213.660384,0.000000,752.974844,0.000000,0.000000,0.000000,-0.000001,0.013881,-0.008996,-0.114132,273.520569,0.000000,-0.000917,1.000000,0.000000,0.000250,0.090557
1763991426151,6.397325,272.309723,1.175836,-0.386300,-0.026992,0.999631,-0.001026,121.565184,25.069137,0.000199,213.660456,0.000000,752.974625,0.000000,0.000000,0.000000,-0.000001,0.011621,-0.011967,-0.097820,273.525146,0.000000,-0.000589,1.000000,0.000000,0.000199,0.090558
1763991426262,6.397326,272.309723,1.175736,-0.386275,-0.026997,0.999621,-0.001025,121.565184,25.069137,0.000108,213.660335,0.000000,752.990872,0.000000,0.000000,0.000000,0.000000,0.009850,-0.015840,-0.005851,273.530640,0.000000,-0.005215,1.000000,0.000000,0.000108,0.090559
1763991426374,6.397326,272.309723,1.175774,-0.386252,-0.027033,0.999626,-0.001022,121.565184,25.069137,0.000218,213.659851,0.000000,753.009523,0.000000,0.000000,0.000000,0.000001,0.013552,-0.019620,0.033169,273.536255,0.000000,0.010898,1.000000,0.000000,0.000218,0.090559
1763991426449,6.397326,272.309692,1.175826,-0.386230,-0.027053,0.999632,-0.001020,121.565184,25.069137,0.000271,213.659342,0.000000,753.027300,0.000000,0.000000,0.000000,0.000001,0.017442,-0.022120,0.038767,273.540283,0.000000,-0.013499,1.000000,0.000000,0.000271,0.090559
1763991426565,6.397325,272.309692,1.175914,-0.386203,-0.027104,0.999635,-0.001019,121.565184,25.069137,0.000217,213.658325,0.000000,753.053455,0.000000,0.000000,0.000000,0.000001,0.015352,-0.022951,0.034515,273.546082,0.000000,-0.010773,1.000000,0.000000,0.000217,0.090559
1763991426649,6.397325,272.309631,1.175944,-0.386183,-0.027009,0.999625,-0.001022,121.565184,25.069137,0.000312,213.657453,0.000000,753.076185,0.000000,0.000000,0.000000,0.000001,0.011883,-0.023772,0.026363,273.550232,0.000000,-0.015548,1.000000,0.000000,0.000312,0.090559
1763991426760,6.397324,272.309570,1.176143,-0.386184,-0.027037,0.999615,-0.001027,121.565184,25.069137,0.000454,213.655951,0.000000,753.112395,0.000000,0.000000,0.000000,0.000001,-0.004754,-0.017844,0.159938,273.555969,0.000000,0.021430,1.000000,0.000000,0.000454,0.090557
1763991426852,6.397321,272.309601,1.176464,-0.386190,-0.027070,0.999630,-0.001025,121.565184,25.069137,0.000528,213.654522,0.000000,753.142411,0.000000,0.000000,0.000000,0.000000,-0.000167,-0.013605,0.219518,273.560791,0.000000,0.024663,1.000000,0.000000,0.000528,0.090554
1763991426956,6.397318,272.309601,1.176826,-0.386194,-0.027169,0.999645,-0.001025,121.565184,25.069137,0.000319,213.652850,0.000000,753.166162,0.000000,0.000000,0.000000,-0.000001,-0.004448,-0.012146,0.174907,273.565979,0.000000,0.014628,1.000000,0.000000,0.000319,0.090551
1763991427056,6.397317,272.309601,1.176952,-0.386194,-0.027231,0.999657,-0.001030,121.565184,25.069137,0.000142,213.651397,0.000000,753.172646,0.000000,0.000000,0.000000,-0.000003,0.000535,-0.004692,-0.027433,273.571411,0.000000,-0.000252,1.000000,0.000000,0.000142,0.090550
1763991427154,6.397319,272.309601,1.176738,-0.386196,-0.027088,0.999639,-0.001035,121.565184,25.069137,0.000433,213.650525,0.000000,753.167109,0.000000,0.000000,0.000000,-0.000004,0.003327,0.001400,-0.184152,273.576294,0.000000,-0.001321,1.000000,0.000000,0.000433,0.090552
1763991427247,6.397321,272.309601,1.176468,-0.386182,-0.027084,0.999616,-0.001035,121.565184,25.069137,0.000187,213.649895,0.000000,753.184521,0.000000,0.000000,0.000000,-0.000004,0.008274,-0.000944,-0.120387,273.581177,0.000000,-0.001009,1.000000,0.000000,0.000187,0.090554
1763991427346,6.397322,272.309570,1.176351,-0.386174,-0.027078,0.999613,-0.001032,121.565184,25.069137,0.000077,213.649120,0.000000,753.202007,0.000000,0.000000,0.000000,-0.000003,0.000109,-0.002597,-0.017251,273.586060,0.000000,0.000151,1.000000,0.000000,0.000077,0.090555
1763991427451,6.397321,272.309601,1.176394,-0.386193,-0.027052,0.999637,-0.001031,121.565184,25.069137,0.000104,213.648199,0.000000,753.214975,0.000000,0.000000,0.000000,-0.000003,-0.013038,0.000854,0.036601,273.591370,0.000000,0.004763,1.000000,0.000000,0.000104,0.090554
1763991427556,6.397321,272.309601,1.176432,-0.386231,-0.027214,0.999641,-0.001029,121.565184,25.069137,0.000199,213.647376,0.000000,753.211114,0.000000,0.000000,0.000000,-0.000002,-0.025609,0.009640,-0.022262,273.596802,0.000000,-0.000225,1.000000,0.000000,0.000199,0.090554
1763991427672,6.397323,272.309570,1.176209,-0.386270,-0.027047,0.999636,-0.001023,121.565184,25.069137,0.000376,213.647279,0.000000,753.191953,0.000000,0.000000,0.000000,-0.000002,-0.010105,0.017453,-0.158130,273.602356,0.000000,-0.001237,1.000000,0.000000,0.000376,0.090556
1763991427755,6.397324,272.309601,1.175995,-0.386292,-0.026970,0.999618,-0.001021,121.565184,25.069137,0.000206,213.647327,0.000000,753.189184,0.000000,0.000000,0.000000,-0.000001,-0.016815,0.018221,-0.111080,273.606873,0.000000,-0.000793,1.000000,0.000000,0.000206,0.090558
1763991427857,6.397324,272.309601,1.176009,-0.386325,-0.027035,0.999605,-0.001014,121.565184,25.069137,0.000153,213.647303,0.000000,753.198947,0.000000,0.000000,0.000000,0.000000,-0.025235,0.004822,0.106990,273.612122,0.000000,0.006249,1.000000,0.000000,0.000153,0.090557
1763991427966,6.397321,272.309570,1.176322,-0.386353,-0.027067,0.999632,-0.001007,121.565184,25.069137,0.000318,213.647134,0.000000,753.209001,0.000000,0.000000,0.000000,0.000000,-0.007768,0.000820,0.195933,273.617493,0.000000,0.014303,1.000000,0.000000,0.000318,0.090554
1763991428060,6.397319,272.309601,1.176566,-0.386371,-0.027212,0.999650,-0.001010,121.565184,25.069137,0.000099,213.646916,0.000000,753.199748,0.000000,0.000000,0.000000,-0.000001,-0.009173,0.003910,0.096448,273.622253,0.000000,0.000948,1.000000,0.000000,0.000099,0.090551
1763991428175,6.397318,272.309601,1.176571,-0.386411,-0.027104,0.999645,-0.001024,121.565184,25.069137,0.000358,213.647255,0.000000,753.169295,0.000000,0.000000,0.000000,-0.000002,-0.021975,0.017821,-0.054697,273.628113,0.000000,-0.000263,1.000000,0.000000,0.000358,0.090551
1763991428275,6.397320,272.309631,1.176408,-0.386435,-0.027064,0.999638,-0.001028,121.565184,25.069137,0.000438,213.648030,0.000000,753.140954,0.000000,0.000000,0.000000,-0.000002,-0.005151,0.026577,-0.117534,273.632996,0.000000,-0.000766,1.000000,0.000000,0.000438,0.090553
1763991428364,6.397321,272.309692,1.176220,-0.386442,-0.027013,0.999624,-0.001030,121.565184,25.069137,0.000340,213.649023,0.000000,753.119826,0.000000,0.000000,0.000000,-0.000002,-0.002735,0.024809,-0.106580,273.637573,0.000000,-0.000620,1.000000,0.000000,0.000340,0.090554
1763991428466,6.397323,272.309753,1.176048,-0.386431,-0.027064,0.999641,-0.001028,121.565184,25.069137,0.000295,213.650089,0.000000,753.101175,0.000000,0.000000,0.000000,-0.000001,0.015149,0.017532,-0.122268,273.642090,0.000000,-0.001070,1.000000,0.000000,0.000295,0.090556
1763991428578,6.397326,272.309784,1.175732,-0.386384,-0.027108,0.999634,-0.001022,121.565184,25.069137,0.000487,213.651348,0.000000,753.079610,0.000000,0.000000,0.000000,0.000000,0.025495,0.003937,-0.195588,273.647461,0.000000,-0.001560,1.000000,0.000000,0.000487,0.090559
1763991428669,6.397328,272.309753,1.175408,-0.386355,-0.026948,0.999628,-0.001022,121.565184,25.069137,0.000248,213.652439,0.000000,753.069993,0.000000,0.000000,0.000000,0.000002,0.015711,-0.007207,-0.162740,273.652527,0.000000,-0.001336,1.000000,0.000000,0.000248,0.090561
1763991428759,6.397330,272.309753,1.175233,-0.386335,-0.026968,0.999620,-0.001021,121.565184,25.069137,0.000068,213.653165,0.000000,753.070576,0.000000,0.000000,0.000000,0.000004,0.008900,-0.013681,-0.074850,273.657013,0.000000,-0.002012,1.000000,0.000000,0.000068,0.090563
1763991428867,6.397331,272.309753,1.175192,-0.386323,-0.027034,0.999625,-0.001018,121.565184,25.069137,0.000178,213.653674,0.000000,753.073490,0.000000,0.000000,0.000000,0.000006,0.007100,-0.015302,0.017227,273.662567,0.000000,-0.008705,1.000000,0.000000,0.000178,0.090564
1763991428955,6.397331,272.309753,1.175253,-0.386307,-0.027025,0.999623,-0.001014,121.565184,25.069137,0.000277,213.653916,0.000000,753.080775,0.000000,0.000000,0.000000,0.000007,0.011146,-0.020158,0.059105,273.666779,0.000000,0.013630,1.000000,0.000000,0.000277,0.090564
1763991429073,6.397329,272.309692,1.175466,-0.386289,-0.027020,0.999626,-0.001014,121.565184,25.069137,0.000454,213.653819,0.000000,753.098989,0.000000,0.000000,0.000000,0.000007,0.010026,-0.022775,0.133861,273.672638,0.000000,0.021857,1.000000,0.000000,0.000454,0.090562
1763991429154,6.397327,272.309631,1.175714,-0.386269,-0.027036,0.999628,-0.001014,121.565184,25.069137,0.000560,213.653432,0.000000,753.119899,0.000000,0.000000,0.000000,0.000006,0.019888,-0.024335,0.183881,273.676910,0.000000,0.026788,1.000000,0.000000,0.000560,0.090560
1763991429258,6.397325,272.309570,1.176044,-0.386255,-0.027066,0.999632,-0.001024,121.565184,25.069137,0.000483,213.652632,0.000000,753.139351,0.000000,0.000000,0.000000,0.000005,-0.005064,-0.016422,0.181269,273.682037,0.000000,0.022940,1.000000,0.000000,0.000483,0.090558
1763991429364,6.397323,272.309570,1.176343,-0.386278,-0.027080,0.999636,-0.001033,121.565184,25.069137,0.000390,213.651785,0.000000,753.147657,0.000000,0.000000,0.000000,0.000003,-0.015206,0.000627,0.141943,273.687347,0.000000,0.018667,1.000000,0.000000,0.000390,0.090556
1763991429468,6.397321,272.309601,1.176583,-0.386295,-0.027133,0.999634,-0.001032,121.565184,25.069137,0.000280,213.651106,0.000000,753.155015,0.000000,0.000000,0.000000,0.000001,-0.002586,0.009349,0.122384,273.692535,0.000000,0.013099,1.000000,0.000000,0.000280,0.090554
1763991429565,6.397320,272.309601,1.176715,-0.386294,-0.027168,0.999643,-0.001032,121.565184,25.069137,0.000069,213.650598,0.000000,753.157492,0.000000,0.000000,0.000000,-0.000001,-0.001127,0.012344,0.047440,273.697174,0.000000,0.003110,1.000000,0.000000,0.000069,0.090553
1763991429658,6.397321,272.309601,1.176638,-0.386284,-0.027155,0.999635,-0.001032,121.565184,25.069137,0.000183,213.650283,0.000000,753.153995,0.000000,0.000000,0.000000,-0.000002,0.007085,0.013437,-0.089190,273.702057,0.000000,-0.000788,1.000000,0.000000,0.000183,0.090554
1763991429761,6.397321,272.309601,1.176493,-0.386279,-0.026989,0.999622,-0.001028,121.565184,25.069137,0.000086,213.650113,0.000000,753.158366,0.000000,0.000000,0.000000,-0.000003,0.006661,0.009984,-0.066442,273.706818,0.000000,-0.000205,1.000000,0.000000,0.000086,0.090554
1763991429874,6.397320,272.309601,1.176599,-0.386277,-0.027109,0.999612,-0.001023,121.565184,25.069137,0.000443,213.649435,0.000000,753.192973,0.000000,0.000000,0.000000,-0.000003,-0.009666,0.003280,0.138118,273.713043,0.000000,0.021231,1.000000,0.000000,0.000443,0.090553
1763991429979,6.397318,272.309601,1.176834,-0.386301,-0.027226,0.999643,-0.001020,121.565184,25.069137,0.000134,213.648732,0.000000,753.189548,0.000000,0.000000,0.000000,-0.000004,-0.012088,0.007578,0.088332,273.718109,0.000000,0.000993,1.000000,0.000000,0.000134,0.090551
1763991430075,6.397319,272.309601,1.176733,-0.386287,-0.027212,0.999659,-0.001015,121.565184,25.069137,0.000510,213.648417,0.000000,753.179057,0.000000,0.000000,0.000000,-0.000004,0.018315,0.005293,-0.159515,273.723602,0.000000,-0.001249,1.000000,0.000000,0.000510,0.090552
1763991430183,6.397324,272.309570,1.176208,-0.386258,-0.027102,0.999636,-0.001025,121.565184,25.069137,0.000742,213.648466,0.000000,753.166818,0.000000,0.000000,0.000000,-0.000004,0.011576,0.006273,-0.316734,273.729218,0.000000,-0.002457,1.000000,0.000000,0.000742,0.090557
1763991430253,6.397327,272.309570,1.175847,-0.386246,-0.026884,0.999620,-0.001029,121.565184,25.069137,0.000463,213.648635,0.000000,753.168056,0.000000,0.000000,0.000000,-0.000002,0.009041,0.006612,-0.276325,273.732635,0.000000,-0.002057,1.000000,0.000000,0.000463,0.090560
1763991430374,6.397329,272.309570,1.175612,-0.386249,-0.026920,0.999598,-0.001033,121.565184,25.069137,0.000430,213.648417,0.000000,753.196178,0.000000,0.000000,0.000000,0.000001,-0.005933,0.009009,0.044789,273.738922,0.000000,0.021431,1.000000,0.000000,0.000430,0.090562
1763991430453,6.397328,272.309570,1.175794,-0.386257,-0.027036,0.999617,-0.001027,121.565184,25.069137,0.000612,213.647933,0.000000,753.214538,0.000000,0.000000,0.000000,0.000002,-0.004157,0.009612,0.168752,273.743134,0.000000,0.029763,1.000000,0.000000,0.000612,0.090561
1763991430561,6.397325,272.309570,1.176137,-0.386265,-0.027184,0.999636,-0.001020,121.565184,25.069137,0.000305,213.647109,0.000000,753.226122,0.000000,0.000000,0.000000,0.000003,-0.008076,0.007629,0.171762,273.748505,0.000000,0.013910,1.000000,0.000000,0.000305,0.090558
1763991430672,6.397323,272.309601,1.176426,-0.386307,-0.027022,0.999628,-0.001019,121.565184,25.069137,0.000366,213.646431,0.000000,753.234500,0.000000,0.000000,0.000000,0.000002,-0.030218,0.012052,0.156505,273.754181,0.000000,0.017044,1.000000,0.000000,0.000366,0.090556
1763991430748,6.397320,272.309601,1.176666,-0.386350,-0.027136,0.999626,-0.001018,121.565184,25.069137,0.000324,213.645995,0.000000,753.237560,0.000000,0.000000,0.000000,0.000001,-0.028947,0.017704,0.182215,273.758209,0.000000,0.014680,1.000000,0.000000,0.000324,0.090553
1763991430862,6.397318,272.309631,1.176935,-0.386402,-0.027142,0.999640,-0.001017,121.565184,25.069137,0.000077,213.645632,0.000000,753.224738,0.000000,0.000000,0.000000,-0.000001,-0.019886,0.022431,0.103576,273.763855,0.000000,0.001906,1.000000,0.000000,0.000077,0.090551
1763991430964,6.397317,272.309662,1.177016,-0.386376,-0.027106,0.999650,-0.001005,121.565184,25.069137,0.000082,213.645583,0.000000,753.228599,0.000000,0.000000,0.000000,-0.000003,0.044498,0.001755,-0.005843,273.769287,0.000000,0.000143,1.000000,0.000000,0.000082,0.090549
1763991431068,6.397318,272.309662,1.176862,-0.386316,-0.027224,0.999651,-0.001018,121.565184,25.069137,0.000498,213.645390,0.000000,753.228016,0.000000,0.000000,0.000000,-0.000004,0.023833,-0.011024,-0.159546,273.774445,0.000000,-0.001294,1.000000,0.000000,0.000498,0.090551
1763991431157,6.397321,272.309662,1.176540,-0.386284,-0.027098,0.999636,-0.001030,121.565184,25.069137,0.000686,213.645390,0.000000,753.218691,0.000000,0.000000,0.000000,-0.000004,0.017114,-0.009506,-0.268771,273.778412,0.000000,-0.002000,1.000000,0.000000,0.000686,0.090554
1763991431253,6.397324,272.309662,1.176136,-0.386256,-0.027003,0.999616,-0.001038,121.565184,25.069137,0.000368,213.645511,0.000000,753.222115,0.000000,0.000000,0.000000,-0.000003,0.015769,-0.009039,-0.171072,273.783722,0.000000,-0.001175,1.000000,0.000000,0.000368,0.090557
1763991431363,6.397325,272.309662,1.176032,-0.386254,-0.027035,0.999602,-0.001045,121.565184,25.069137,0.000126,213.645365,0.000000,753.235010,0.000000,0.000000,0.000000,-0.000001,-0.009123,-0.003928,0.038466,273.789032,0.000000,0.006061,1.000000,0.000000,0.000126,0.090558
1763991431457,6.397324,272.309662,1.176150,-0.386249,-0.027060,0.999631,-0.001035,121.565184,25.069137,0.000171,213.645147,0.000000,753.240110,0.000000,0.000000,0.000000,0.000000,0.013376,-0.002267,0.072405,273.793915,0.000000,0.008144,1.000000,0.000000,0.000171,0.090557
1763991431549,6.397323,272.309662,1.176253,-0.386230,-0.027084,0.999633,-0.001023,121.565184,25.069137,0.000113,213.644857,0.000000,753.249508,0.000000,0.000000,0.000000,0.000001,0.008487,-0.006222,0.049570,273.798553,0.000000,0.005041,1.000000,0.000000,0.000113,0.090556
1763991431673,6.397323,272.309662,1.176334,-0.386229,-0.027074,0.999628,-0.001016,121.565184,25.069137,0.000175,213.644324,0.000000,753.265537,0.000000,0.000000,0.000000,0.000001,-0.007905,-0.012620,0.045657,273.804779,0.000000,0.008606,1.000000,0.000000,0.000175,0.090556
1763991431752,6.397322,272.309662,1.176409,-0.386250,-0.027079,0.999627,-0.001016,121.565184,25.069137,0.000168,213.643863,0.000000,753.272895,0.000000,0.000000,0.000000,0.000001,-0.018896,-0.010551,0.057107,273.808990,0.000000,0.008126,1.000000,0.000000,0.000168,0.090555
1763991431867,6.397321,272.309662,1.176513,-0.386289,-0.027076,0.999637,-0.001017,121.565184,25.069137,0.000052,213.643403,0.000000,753.271074,0.000000,0.000000,0.000000,0.000000,-0.015450,-0.004795,0.041363,273.814484,0.000000,0.002109,1.000000,0.000000,0.000052,0.090554
1763991431968,6.397321,272.309662,1.176594,-0.386290,-0.027088,0.999623,-0.001013,121.565184,25.069137,0.000105,213.643040,0.000000,753.280836,0.000000,0.000000,0.000000,-0.000000,0.003891,-0.010760,0.060908,273.819672,0.000000,0.004667,1.000000,0.000000,0.000105,0.090554
1763991432058,6.397320,272.309662,1.176690,-0.386287,-0.027113,0.999629,-0.001018,121.565184,25.069137,0.000116,213.642628,0.000000,753.290016,0.000000,0.000000,0.000000,-0.000001,0.001455,-0.010993,0.062108,273.824188,0.000000,0.005307,1.000000,0.000000,0.000116,0.090553
1763991432171,6.397319,272.309662,1.176826,-0.386289,-0.027135,0.999627,-0.001025,121.565184,25.069137,0.000094,213.642095,0.000000,753.297884,0.000000,0.000000,0.000000,-0.000002,-0.005570,-0.007085,0.070120,273.829926,0.000000,0.003454,1.000000,0.000000,0.000094,0.090551
1763991432257,6.397317,272.309662,1.176911,-0.386306,-0.027100,0.999635,-0.001032,121.565184,25.069137,0.000088,213.641829,0.000000,753.291983,0.000000,0.000000,0.000000,-0.000002,-0.008829,-0.004468,0.048556,273.834381,0.000000,0.000892,1.000000,0.000000,0.000088,0.090550
1763991432350,6.397316,272.309662,1.176982,-0.386325,-0.027136,0.999628,-0.001037,121.565184,25.069137,0.000124,213.641756,0.000000,753.282585,0.000000,0.000000,0.000000,-0.000003,-0.015269,0.000004,0.043705,273.839081,0.000000,0.000717,1.000000,0.000000,0.000124,0.090549
1763991432464,6.397317,272.309662,1.176927,-0.386343,-0.027190,0.999652,-0.001036,121.565184,25.069137,0.000559,213.642144,0.000000,753.250237,0.000000,0.000000,0.000000,-0.000004,-0.005328,0.008319,-0.107982,273.844452,0.000000,-0.000610,1.000000,0.000000,0.000559,0.090549
1763991432553,6.397319,272.309662,1.176605,-0.386353,-0.027088,0.999651,-0.001034,121.565184,25.069137,0.000828,213.643016,0.000000,753.214392,0.000000,0.000000,0.000000,-0.000004,-0.006562,0.015631,-0.266441,273.848907,0.000000,-0.001889,1.000000,0.000000,0.000828,0.090552
1763991432664,6.397324,272.309662,1.176070,-0.386362,-0.027001,0.999624,-0.001033,121.565184,25.069137,0.000570,213.644421,0.000000,753.186197,0.000000,0.000000,0.000000,-0.000002,-0.008295,0.018368,-0.256807,273.854279,0.000000,-0.002014,1.000000,0.000000,0.000570,0.090557
1763991432772,6.397327,272.309662,1.175689,-0.386371,-0.026933,0.999603,-0.001025,121.565184,25.069137,0.000251,213.645826,0.000000,753.168420,0.000000,0.000000,0.000000,0.000000,-0.012107,0.006450,-0.132633,273.859528,0.000000,-0.001157,1.000000,0.000000,0.000251,0.090560
1763991432848,6.397327,272.309662,1.175645,-0.386396,-0.026975,0.999596,-0.001016,121.565184,25.069137,0.000142,213.646722,0.000000,753.159678,0.000000,0.000000,0.000000,0.000002,-0.023336,0.003939,0.040650,273.863312,0.000000,0.003936,1.000000,0.000000,0.000142,0.090560
1763991432955,6.397325,272.309662,1.175837,-0.386424,-0.027077,0.999625,-0.001004,121.565184,25.069137,0.000240,213.647691,0.000000,753.152684,0.000000,0.000000,0.000000,0.000003,-0.010126,-0.000982,0.145961,273.868317,0.000000,0.010893,1.000000,0.000000,0.000240,0.090559
1763991433055,6.397324,272.309662,1.176050,-0.386443,-0.027150,0.999644,-0.000999,121.565184,25.069137,0.000069,213.648587,0.000000,753.136218,0.000000,0.000000,0.000000,0.000003,-0.008580,-0.000314,0.075320,273.873322,0.000000,0.002964,1.000000,0.000000,0.000069,0.090557
1763991433148,6.397324,272.309662,1.176087,-0.386450,-0.027110,0.999644,-0.001001,121.565184,25.069137,0.000095,213.649459,0.000000,753.117422,0.000000,0.000000,0.000000,0.000003,0.000412,0.000064,-0.017745,273.877960,0.000000,-0.000358,1.000000,0.000000,0.000095,0.090557
1763991433262,6.397324,272.309662,1.176000,-0.386431,-0.027037,0.999635,-0.001007,121.565184,25.069137,0.000151,213.650525,0.000000,753.102559,0.000000,0.000000,0.000000,0.000003,0.022457,-0.004612,-0.056978,273.883118,0.000000,-0.000686,1.000000,0.000000,0.000151,0.090558
1763991433375,6.397325,272.309662,1.175899,-0.386387,-0.027030,0.999627,-0.001021,121.565184,25.069137,0.000157,213.651494,0.000000,753.095346,0.000000,0.000000,0.000000,0.000003,0.025745,-0.000377,-0.043288,273.888489,0.000000,-0.001283,1.000000,0.000000,0.000157,0.090559
1763991433457,6.397326,272.309662,1.175858,-0.386355,-0.027004,0.999637,-0.001033,121.565184,25.069137,0.000136,213.652027,0.000000,753.089955,0.000000,0.000000,0.000000,0.000003,0.017314,-0.003486,-0.038283,273.892578,0.000000,-0.002154,1.000000,0.000000,0.000136,0.090559
1763991433564,6.397326,272.309662,1.175809,-0.386336,-0.027058,0.999628,-0.001043,121.565184,25.069137,0.000076,213.652729,0.000000,753.076040,0.000000,0.000000,0.000000,0.000003,0.008739,0.002148,-0.017316,273.897644,0.000000,-0.000142,1.000000,0.000000,0.000076,0.090559
1763991433666,6.397326,272.309662,1.175822,-0.386324,-0.027063,0.999624,-0.001044,121.565184,25.069137,0.000040,213.653432,0.000000,753.065403,0.000000,0.000000,0.000000,0.000003,0.005960,0.005386,0.026063,273.902710,0.000000,0.001908,1.000000,0.000000,0.000040,0.090559
1763991433766,6.397326,272.309662,1.175863,-0.386322,-0.027081,0.999630,-0.001041,121.565184,25.069137,0.000080,213.654086,0.000000,753.052435,0.000000,0.000000,0.000000,0.000003,-0.008515,0.004427,0.013488,273.907471,0.000000,-0.000521,1.000000,0.000000,0.000080,0.090559
1763991433867,6.397326,272.309662,1.175850,-0.386335,-0.027091,0.999631,-0.001028,121.565184,25.069137,0.000120,213.654861,0.000000,753.035969,0.000000,0.000000,0.000000,0.000003,-0.003387,0.006878,-0.003014,273.912231,0.000000,-0.001364,1.000000,0.000000,0.000120,0.090559
1763991433967,6.397327,272.309662,1.175860,-0.386327,-0.027143,0.999630,-0.001013,121.565184,25.069137,0.000109,213.655588,0.000000,753.032982,0.000000,0.000000,0.000000,0.000003,0.007749,-0.003690,0.007447,273.917053,0.000000,-0.001276,1.000000,0.000000,0.000109,0.090559
1763991434054,6.397327,272.309662,1.175837,-0.386318,-0.027082,0.999635,-0.001007,121.565184,25.069137,0.000080,213.656024,0.000000,753.030942,0.000000,0.000000,0.000000,0.000003,0.005541,-0.005555,-0.032150,273.921021,0.000000,-0.000587,1.000000,0.000000,0.000080,0.090560
1763991434165,6.397327,272.309662,1.175810,-0.386315,-0.026988,0.999629,-0.001002,121.565184,25.069137,0.000126,213.656435,0.000000,753.035751,0.000000,0.000000,0.000000,0.000003,0.010730,-0.011460,0.005968,273.926331,0.000000,-0.006241,1.000000,0.000000,0.000126,0.090560
1763991434266,6.397327,272.309662,1.175888,-0.386312,-0.027039,0.999628,-0.001009,121.565184,25.069137,0.000338,213.656460,0.000000,753.048282,0.000000,0.000000,0.000000,0.000003,-0.000642,-0.016046,0.069196,273.931091,0.000000,0.016679,1.000000,0.000000,0.000338,0.090560
1763991434369,6.397326,272.309662,1.176019,-0.386316,-0.027085,0.999630,-0.001019,121.565184,25.069137,0.000252,213.656314,0.000000,753.051488,0.000000,0.000000,0.000000,0.000002,-0.004200,-0.013327,0.070039,273.936157,0.000000,0.012264,1.000000,0.000000,0.000252,0.090559
1763991434493,6.397325,272.309631,1.176167,-0.386305,-0.027087,0.999622,-0.001024,121.565184,25.069137,0.000218,213.656096,0.000000,753.058700,0.000000,0.000000,0.000000,0.000002,0.007340,-0.015119,0.092613,273.941467,0.000000,0.009964,1.000000,0.000000,0.000218,0.090558
1763991434574,6.397324,272.309631,1.176306,-0.386304,-0.027097,0.999638,-0.001032,121.565184,25.069137,0.000178,213.655902,0.000000,753.060012,0.000000,0.000000,0.000000,0.000001,0.001772,-0.002125,0.085834,273.945679,0.000000,0.007943,1.000000,0.000000,0.000178,0.090557
1763991434673,6.397322,272.309631,1.176475,-0.386299,-0.027112,0.999631,-0.001035,121.565184,25.069137,0.000131,213.655709,0.000000,753.061760,0.000000,0.000000,0.000000,-0.000001,0.006886,-0.000617,0.082157,273.951050,0.000000,0.005752,1.000000,0.000000,0.000131,0.090555
1763991434761,6.397321,272.309631,1.176521,-0.386294,-0.027152,0.999655,-0.001040,121.565184,25.069137,0.000067,213.655612,0.000000,753.053309,0.000000,0.000000,0.000000,-0.000002,0.004590,0.003554,-0.018696,273.955322,0.000000,-0.000288,1.000000,0.000000,0.000067,0.090555
1763991434850,6.397323,272.309631,1.176352,-0.386283,-0.027108,0.999653,-0.001039,121.565184,25.069137,0.000334,213.655806,0.000000,753.036552,0.000000,0.000000,0.000000,-0.000002,0.010924,0.009262,-0.173341,273.959656,0.000000,-0.001641,1.000000,0.000000,0.000334,0.090556
1763991434965,6.397326,272.309631,1.176010,-0.386276,-0.027025,0.999612,-0.001034,121.565184,25.069137,0.000204,213.656290,0.000000,753.031817,0.000000,0.000000,0.000000,-0.000001,-0.002566,0.001262,-0.116075,273.965210,0.000000,-0.001185,1.000000,0.000000,0.000204,0.090559
1763991435065,6.397327,272.309631,1.175971,-0.386297,-0.026935,0.999607,-0.001026,121.565184,25.069137,0.000221,213.656484,0.000000,753.039394,0.000000,0.000000,0.000000,-0.000000,-0.015795,0.000758,0.045817,273.969666,0.000000,0.010511,1.000000,0.000000,0.000221,0.090559
1763991435157,6.397325,272.309631,1.176199,-0.386335,-0.027032,0.999628,-0.001015,121.565184,25.069137,0.000397,213.656435,0.000000,753.046388,0.000000,0.000000,0.000000,0.000000,-0.020076,0.003844,0.162432,273.974487,0.000000,0.018561,1.000000,0.000000,0.000397,0.090558
1763991435251,6.397323,272.309631,1.176410,-0.386363,-0.027307,0.999648,-0.001011,121.565184,25.069137,0.000082,213.656314,0.000000,753.039102,0.000000,0.000000,0.000000,-0.000000,-0.018527,0.005689,0.076996,273.979004,0.000000,0.003532,1.000000,0.000000,0.000082,0.090556
1763991435373,6.397325,272.309631,1.176210,-0.386392,-0.027115,0.999646,-0.001009,121.565184,25.069137,0.000572,213.656920,0.000000,752.999177,0.000000,0.000000,0.000000,-0.000001,-0.007690,0.014062,-0.200847,273.984924,0.000000,-0.001353,1.000000,0.000000,0.000572,0.090558
1763991435461,6.397327,272.309631,1.175912,-0.386384,-0.026935,0.999618,-0.001010,121.565184,25.069137,0.000248,213.657647,0.000000,752.995826,0.000000,0.000000,0.000000,-0.000000,0.011026,0.008478,-0.163031,273.989136,0.000000,-0.001050,1.000000,0.000000,0.000248,0.090560
1763991435562,6.397327,272.309631,1.175840,-0.386360,-0.026984,0.999606,-0.001010,121.565184,25.069137,0.000101,213.658107,0.000000,753.008649,0.000000,0.000000,0.000000,0.000001,0.014257,-0.003717,0.042363,273.993896,0.000000,0.003886,1.000000,0.000000,0.000101,0.090560
1763991435655,6.397325,272.309631,1.176026,-0.386343,-0.027080,0.999635,-0.001018,121.565184,25.069137,0.000264,213.658083,0.000000,753.020815,0.000000,0.000000,0.000000,0.000001,0.011046,-0.010879,0.136423,273.998596,0.000000,0.012108,1.000000,0.000000,0.000264,0.090559
1763991435774,6.397325,272.309631,1.176133,-0.386305,-0.027161,0.999646,-0.001025,121.565184,25.069137,0.000130,213.657986,0.000000,753.016736,0.000000,0.000000,0.000000,0.000001,0.022678,-0.004590,-0.025082,274.004395,0.000000,-0.000649,1.000000,0.000000,0.000130,0.090558
1763991435864,6.397326,272.309631,1.175968,-0.386268,-0.027074,0.999642,-0.001033,121.565184,25.069137,0.000307,213.658107,0.000000,753.007483,0.000000,0.000000,0.000000,0.000001,0.025779,-0.004984,-0.147239,274.008728,0.000000,-0.001266,1.000000,0.000000,0.000307,0.090559
1763991435954,6.397329,272.309631,1.175746,-0.386230,-0.026971,0.999620,-0.001039,121.565184,25.069137,0.000092,213.658179,0.000000,753.016080,0.000000,0.000000,0.000000,0.000001,0.017802,-0.005567,-0.113343,274.013000,0.000000,-0.001869,1.000000,0.000000,0.000092,0.090562
1763991436075,6.397330,272.309631,1.175688,-0.386207,-0.026978,0.999607,-0.001039,121.565184,25.069137,0.000338,213.657889,0.000000,753.036261,0.000000,0.000000,0.000000,0.000002,0.003909,-0.005042,0.047832,274.018799,0.000000,0.016762,1.000000,0.000000,0.000338,0.090563
1763991436171,6.397328,272.309631,1.175943,-0.386199,-0.027006,0.999611,-0.001027,121.565184,25.069137,0.000732,213.657211,0.000000,753.068171,0.000000,0.000000,0.000000,0.000003,0.002010,-0.012168,0.219984,274.023560,0.000000,0.035104,1.000000,0.000000,0.000732,0.090560
1763991436261,6.397324,272.309631,1.176380,-0.386219,-0.027049,0.999622,-0.001023,121.565184,25.069137,0.000796,213.656290,0.000000,753.092578,0.000000,0.000000,0.000000,0.000002,-0.019157,-0.013375,0.311903,274.027954,0.000000,0.037469,1.000000,0.000000,0.000796,0.090557
1763991436369,6.397318,272.309631,1.177071,-0.386268,-0.027183,0.999634,-0.001013,121.565184,25.069137,0.000660,213.654934,0.000000,753.116693,0.000000,0.000000,0.000000,-0.000000,-0.024193,-0.013289,0.365615,274.033447,0.000000,0.029977,1.000000,0.000000,0.000660,0.090551
1763991436451,6.397315,272.309662,1.177447,-0.386284,-0.027244,0.999675,-0.001009,121.565184,25.069137,0.000220,213.654086,0.000000,753.119170,0.000000,0.000000,0.000000,-0.000003,-0.001063,-0.012363,0.164428,274.037537,0.000000,0.009789,1.000000,0.000000,0.000220,0.090548
1763991436574,6.397316,272.309662,1.177295,-0.386305,-0.027320,0.999659,-0.001027,121.565184,25.069137,0.000968,213.653553,0.000000,753.080047,0.000000,0.000000,0.000000,-0.000006,-0.009681,0.001510,-0.247930,274.043457,0.000000,-0.001781,1.000000,0.000000,0.000968,0.090549
1763991436672,6.397321,272.309631,1.176733,-0.386302,-0.026970,0.999630,-0.001033,121.565184,25.069137,0.000799,213.653916,0.000000,753.063290,0.000000,0.000000,0.000000,-0.000006,0.001251,0.006650,-0.346467,274.048035,0.000000,-0.002398,1.000000,0.000000,0.000799,0.090554
1763991436766,6.397324,272.309631,1.176301,-0.386296,-0.026908,0.999606,-0.001038,121.565184,25.069137,0.000288,213.654304,0.000000,753.065476,0.000000,0.000000,0.000000,-0.000005,0.005339,0.007399,-0.198970,274.052429,0.000000,-0.001378,1.000000,0.000000,0.000288,0.090557
1763991436855,6.397324,272.309631,1.176211,-0.386315,-0.026984,0.999604,-0.001040,121.565184,25.069137,0.000078,213.654522,0.000000,753.068609,0.000000,0.000000,0.000000,-0.000003,-0.018049,0.008741,0.030236,274.056885,0.000000,0.002935,1.000000,0.000000,0.000078,0.090558
1763991436952,6.397323,272.309631,1.176319,-0.386345,-0.027098,0.999635,-0.001034,121.565184,25.069137,0.000124,213.654691,0.000000,753.058117,0.000000,0.000000,0.000000,-0.000002,-0.023426,0.009879,0.072061,274.061462,0.000000,0.004606,1.000000,0.000000,0.000124,0.090556
1763991437070,6.397323,272.309662,1.176358,-0.386387,-0.027154,0.999643,-0.001018,121.565184,25.069137,0.000349,213.655394,0.000000,753.024677,0.000000,0.000000,0.000000,-0.000001,-0.017494,0.019771,-0.043668,274.067444,0.000000,-0.000179,1.000000,0.000000,0.000349,0.090556
1763991437177,6.397324,272.309662,1.176212,-0.386387,-0.027075,0.999640,-0.001006,121.565184,25.069137,0.000348,213.656217,0.000000,753.009669,0.000000,0.000000,0.000000,-0.000001,0.006967,0.010871,-0.111779,274.071899,0.000000,-0.000776,1.000000,0.000000,0.000348,0.090557
1763991437254,6.397325,272.309662,1.176084,-0.386393,-0.026990,0.999627,-0.001007,121.565184,25.069137,0.000222,213.656944,0.000000,753.002237,0.000000,0.000000,0.000000,-0.000000,-0.005197,0.005651,-0.068919,274.075867,0.000000,-0.000349,1.000000,0.000000,0.000222,0.090558
1763991437364,6.397325,272.309662,1.176061,-0.386385,-0.027030,0.999619,-0.001002,121.565184,25.069137,0.000095,213.657671,0.000000,753.005297,0.000000,0.000000,0.000000,0.000001,0.013252,-0.006248,0.039171,274.081238,0.000000,0.004328,1.000000,0.000000,0.000095,0.090558
1763991437447,6.397324,272.309662,1.176201,-0.386383,-0.027021,0.999632,-0.001009,121.565184,25.069137,0.000193,213.657961,0.000000,753.007920,0.000000,0.000000,0.000000,0.000001,-0.003845,-0.007895,0.097645,274.085510,0.000000,0.008650,1.000000,0.000000,0.000193,0.090557
1763991437553,6.397322,272.309662,1.176361,-0.386395,-0.027111,0.999648,-0.001022,121.565184,25.069137,0.000112,213.658204,0.000000,752.994806,0.000000,0.000000,0.000000,0.000001,-0.006189,-0.000725,0.054439,274.090515,0.000000,0.004509,1.000000,0.000000,0.000112,0.090555
1763991437687,6.397323,272.309662,1.176293,-0.386382,-0.027181,0.999634,-0.001031,121.565184,25.069137,0.000355,213.658906,0.000000,752.968360,0.000000,0.000000,0.000000,0.000000,0.009330,0.004733,-0.076490,274.095947,0.000000,-0.000631,1.000000,0.000000,0.000355,0.090556
1763991437770,6.397325,272.309662,1.176100,-0.386372,-0.027025,0.999639,-0.001039,121.565184,25.069137,0.000359,213.659754,0.000000,752.947013,0.000000,0.000000,0.000000,0.000000,0.006222,0.011973,-0.138284,274.100464,0.000000,-0.001130,1.000000,0.000000,0.000359,0.090558
1763991437888,6.397328,272.309662,1.175804,-0.386329,-0.027050,0.999614,-0.001037,121.565184,25.069137,0.000213,213.660868,0.000000,752.935138,0.000000,0.000000,0.000000,0.000001,0.017835,0.008550,-0.112199,274.106262,0.000000,-0.000951,1.000000,0.000000,0.000213,0.090561
1763991437950,6.397329,272.309662,1.175703,-0.386322,-0.027055,0.999622,-0.001035,121.565184,25.069137,0.000234,213.661401,0.000000,752.925302,0.000000,0.000000,0.000000,0.000002,0.003722,0.007970,-0.073989,274.109314,0.000000,-0.000391,1.000000,0.000000,0.000234,0.090561
1763991438069,6.397329,272.309662,1.175688,-0.386321,-0.026994,0.999619,-0.001026,121.565184,25.069137,0.000182,213.662273,0.000000,752.924792,0.000000,0.000000,0.000000,0.000003,-0.004596,0.004043,0.046300,274.114990,0.000000,0.008926,1.000000,0.000000,0.000182,0.090562
1763991438161,6.397328,272.309662,1.175789,-0.386339,-0.027109,0.999633,-0.001022,121.565184,25.069137,0.000167,213.662709,0.000000,752.918964,0.000000,0.000000,0.000000,0.000004,-0.016717,0.006004,0.066971,274.119080,0.000000,0.008093,1.000000,0.000000,0.000167,0.090561
1763991438265,6.397328,272.309662,1.175864,-0.386368,-0.027042,0.999631,-0.001013,121.565184,25.069137,0.000148,213.663266,0.000000,752.906214,0.000000,0.000000,0.000000,0.000004,-0.010577,0.010126,0.040351,274.123901,0.000000,0.007214,1.000000,0.000000,0.000148,0.090561
1763991438372,6.397327,272.309662,1.175982,-0.386369,-0.027022,0.999626,-0.001003,121.565184,25.069137,0.000339,213.663727,0.000000,752.912334,0.000000,0.000000,0.000000,0.000003,0.003682,-0.000294,0.081713,274.129150,0.000000,0.016469,1.000000,0.000000,0.000339,0.090560
1763991438460,6.397326,272.309662,1.176095,-0.386357,-0.027117,0.999634,-0.001007,121.565184,25.069137,0.000333,213.663824,0.000000,752.920202,0.000000,0.000000,0.000000,0.000003,0.006931,-0.006330,0.056816,274.133606,0.000000,-0.016554,1.000000,0.000000,0.000333,0.090559
1763991438560,6.397327,272.309662,1.176117,-0.386348,-0.027200,0.999640,-0.001013,121.565184,25.069137,0.000106,213.663824,0.000000,752.914957,0.000000,0.000000,0.000000,0.000002,0.003728,-0.005273,-0.028424,274.138062,0.000000,-0.001057,1.000000,0.000000,0.000106,0.090560
1763991438666,6.397328,272.309662,1.176021,-0.386328,-0.026961,0.999621,-0.001022,121.565184,25.069137,0.000215,213.663920,0.000000,752.922898,0.000000,0.000000,0.000000,0.000002,0.013604,-0.003297,-0.029333,274.143066,0.000000,-0.010327,1.000000,0.000000,0.000215,0.090561
1763991438775,6.397327,272.309662,1.176103,-0.386306,-0.027056,0.999620,-0.001031,121.565184,25.069137,0.000376,213.663630,0.000000,752.940675,0.000000,0.000000,0.000000,0.000002,0.010156,-0.006118,0.089440,274.148071,0.000000,0.018152,1.000000,0.000000,0.000376,0.090560
1763991438868,6.397325,272.309662,1.176337,-0.386291,-0.027085,0.999625,-0.001031,121.565184,25.069137,0.000335,213.663169,0.000000,752.954080,0.000000,0.000000,0.000000,0.000002,0.009084,-0.008375,0.151625,274.152954,0.000000,0.015406,1.000000,0.000000,0.000335,0.090558
1763991438960,6.397323,272.309662,1.176563,-0.386272,-0.027093,0.999644,-0.001031,121.565184,25.069137,0.000351,213.662637,0.000000,752.968797,0.000000,0.000000,0.000000,0.000001,0.013560,-0.010782,0.126292,274.157349,0.000000,0.016738,1.000000,0.000000,0.000351,0.090556
1763991439070,6.397323,272.309662,1.176670,-0.386261,-0.027165,0.999648,-0.001034,121.565184,25.069137,0.000122,213.661983,0.000000,752.966320,0.000000,0.000000,0.000000,-0.000001,0.002269,-0.004811,-0.023194,274.162842,0.000000,-0.000249,1.000000,0.000000,0.000122,0.090556
1763991439147,6.397324,272.309662,1.176538,-0.386245,-0.027082,0.999637,-0.001031,121.565184,25.069137,0.000266,213.661789,0.000000,752.963624,0.000000,0.000000,0.000000,-0.000002,0.011712,-0.005418,-0.126181,274.166687,0.000000,-0.000898,1.000000,0.000000,0.000266,0.090557
1763991439260,6.397326,272.309662,1.176309,-0.386222,-0.027050,0.999630,-0.001030,121.565184,25.069137,0.000179,213.661474,0.000000,752.972658,0.000000,0.000000,0.000000,-0.000001,0.010441,-0.004789,-0.111576,274.171936,0.000000,-0.000850,1.000000,0.000000,0.000179,0.090559
1763991439354,6.397326,272.309662,1.176206,-0.386205,-0.027021,0.999619,-0.001025,121.565184,25.069137,0.000044,213.661086,0.000000,752.989852,0.000000,0.000000,0.000000,-0.000001,0.008182,-0.011934,-0.031427,274.176331,0.000000,-0.001613,1.000000,0.000000,0.000044,0.090559
1763991439466,6.397326,272.309662,1.176215,-0.386197,-0.026998,0.999623,-0.001020,121.565184,25.069137,0.000259,213.660311,0.000000,753.014914,0.000000,0.000000,0.000000,-0.000000,0.003479,-0.017801,0.037546,274.181885,0.000000,0.012860,1.000000,0.000000,0.000259,0.090559
1763991439541,6.397325,272.309662,1.176338,-0.386205,-0.027067,0.999613,-0.001019,121.565184,25.069137,0.000353,213.659536,0.000000,753.034512,0.000000,0.000000,0.000000,0.000000,-0.010763,-0.017963,0.128383,274.185669,0.000000,0.016647,1.000000,0.000000,0.000353,0.090559
1763991439651,6.397323,272.309631,1.176667,-0.386218,-0.027073,0.999627,-0.001014,121.565184,25.069137,0.000549,213.658349,0.000000,753.066131,0.000000,0.000000,0.000000,-0.000000,0.001229,-0.022029,0.204032,274.190918,0.000000,0.025965,1.000000,0.000000,0.000549,0.090556
1763991439760,6.397320,272.309631,1.177026,-0.386232,-0.027201,0.999638,-0.001018,121.565184,25.069137,0.000248,213.656896,0.000000,753.085001,0.000000,0.000000,0.000000,-0.000002,-0.009576,-0.019466,0.157918,274.196228,0.000000,0.011179,1.000000,0.000000,0.000248,0.090553
1763991439845,6.397318,272.309631,1.177153,-0.386254,-0.027203,0.999647,-0.001026,121.565184,25.069137,0.000145,213.656024,0.000000,753.080994,0.000000,0.000000,0.000000,-0.000003,-0.016260,-0.009366,0.034170,274.200317,0.000000,0.000607,1.000000,0.000000,0.000145,0.090551
1763991439942,6.397318,272.309631,1.177122,-0.386274,-0.027082,0.999631,-0.001030,121.565184,25.069137,0.000179,213.655442,0.000000,753.077497,0.000000,0.000000,0.000000,-0.000004,-0.006631,-0.001929,-0.036866,274.205139,0.000000,0.000032,1.000000,0.000000,0.000179,0.090551
1763991440043,6.397318,272.309631,1.177068,-0.386285,-0.027071,0.999629,-0.001033,121.565184,25.069137,0.000174,213.655103,0.000000,753.075384,0.000000,0.000000,0.000000,-0.000005,-0.001060,0.001102,-0.027930,274.210083,0.000000,0.000036,1.000000,0.000000,0.000174,0.090551
1763991440143,6.397318,272.309631,1.177060,-0.386289,-0.027128,0.999635,-0.001033,121.565184,25.069137,0.000193,213.654909,0.000000,753.074364,0.000000,0.000000,0.000000,-0.000005,-0.006531,0.000566,-0.000058,274.214905,0.000000,0.000274,1.000000,0.000000,0.000193,0.090551
1763991440256,6.397318,272.309631,1.176970,-0.386315,-0.027115,0.999647,-0.001033,121.565184,25.069137,0.000457,213.655006,0.000000,753.051050,0.000000,0.000000,0.000000,-0.000005,-0.013489,0.009233,-0.093116,274.220154,0.000000,-0.000495,1.000000,0.000000,0.000457,0.090551
1763991440358,6.397320,272.309631,1.176739,-0.386345,-0.027109,0.999636,-0.001033,121.565184,25.069137,0.000607,213.655563,0.000000,753.023657,0.000000,0.000000,0.000000,-0.000005,-0.019402,0.019726,-0.168875,274.224609,0.000000,-0.001202,1.000000,0.000000,0.000607,0.090553
1763991440455,6.397324,272.309692,1.176372,-0.386369,-0.027030,0.999635,-0.001025,121.565184,25.069137,0.000612,213.656581,0.000000,752.993568,0.000000,0.000000,0.000000,-0.000003,-0.006511,0.023700,-0.225214,274.229431,0.000000,-0.001670,1.000000,0.000000,0.000612,0.090557
1763991440575,6.397327,272.309723,1.175966,-0.386378,-0.027028,0.999606,-0.001016,121.565184,25.069137,0.000209,213.657913,0.000000,752.978851,0.000000,0.000000,0.000000,-0.000001,0.000794,0.008912,-0.119098,274.235107,0.000000,-0.001279,1.000000,0.000000,0.000209,0.090560
1763991440662,6.397327,272.309723,1.175918,-0.386384,-0.027040,0.999619,-0.001010,121.565184,25.069137,0.000089,213.658640,0.000000,752.978486,0.000000,0.000000,0.000000,0.000001,-0.003960,0.002514,0.015723,274.239319,0.000000,-0.004364,1.000000,0.000000,0.000089,0.090560
1763991440765,6.397327,272.309723,1.175987,-0.386379,-0.027051,0.999620,-0.001002,121.565184,25.069137,0.000139,213.659173,0.000000,752.980381,0.000000,0.000000,0.000000,0.000003,-0.003449,-0.012216,0.059254,274.244324,0.000000,0.006535,1.000000,0.000000,0.000139,0.090560
1763991440875,6.397325,272.309723,1.176157,-0.386401,-0.027056,0.999633,-0.001006,121.565184,25.069137,0.000216,213.659512,0.000000,752.976738,0.000000,0.000000,0.000000,0.000003,-0.013565,-0.008700,0.111248,274.249146,0.000000,0.009739,1.000000,0.000000,0.000216,0.090559
1763991440966,6.397324,272.309723,1.176316,-0.386421,-0.027099,0.999641,-0.001015,121.565184,25.069137,0.000203,213.659851,0.000000,752.969452,0.000000,0.000000,0.000000,0.000003,-0.011592,-0.006431,0.078056,274.253418,0.000000,0.009868,1.000000,0.000000,0.000203,0.090558
1763991441055,6.397325,272.309723,1.176327,-0.386418,-0.027219,0.999647,-0.001021,121.565184,25.069137,0.000157,213.660335,0.000000,752.951239,0.000000,0.000000,0.000000,0.000002,0.011284,-0.000876,-0.051322,274.257751,0.000000,-0.001045,1.000000,0.000000,0.000157,0.090558
1763991441164,6.397328,272.309723,1.176092,-0.386389,-0.027088,0.999626,-0.001031,121.565184,25.069137,0.000232,213.661110,0.000000,752.935429,0.000000,0.000000,0.000000,0.000003,0.013819,0.003579,-0.136377,274.263000,0.000000,-0.001448,1.000000,0.000000,0.000232,0.090560
1763991441263,6.397329,272.309723,1.175939,-0.386360,-0.026968,0.999615,-0.001032,121.565184,25.069137,0.000114,213.661740,0.000000,752.938635,0.000000,0.000000,0.000000,0.000003,0.019574,-0.001029,-0.028321,274.267822,0.000000,-0.005467,1.000000,0.000000,0.000114,0.090562
1763991441361,6.397328,272.309723,1.176031,-0.386320,-0.026988,0.999614,-0.001027,121.565184,25.069137,0.000443,213.661886,0.000000,752.958888,0.000000,0.000000,0.000000,0.000004,0.022284,-0.010397,0.116547,274.272522,0.000000,0.021314,1.000000,0.000000,0.000443,0.090561
1763991441463,6.397326,272.309723,1.176304,-0.386304,-0.027101,0.999636,-0.001026,121.565184,25.069137,0.000455,213.661619,0.000000,752.973751,0.000000,0.000000,0.000000,0.000004,0.004774,-0.012184,0.159550,274.277344,0.000000,0.021807,1.000000,0.000000,0.000455,0.090559
1763991441565,6.397324,272.309723,1.176565,-0.386322,-0.027128,0.999637,-0.001026,121.565184,25.069137,0.000268,213.661183,0.000000,752.974989,0.000000,0.000000,0.000000,0.000002,-0.015680,-0.006555,0.131263,274.282227,0.000000,0.012428,1.000000,0.000000,0.000268,0.090557
1763991441663,6.397323,272.309723,1.176741,-0.386334,-0.027102,0.999635,-0.001021,121.565184,25.069137,0.000219,213.660941,0.000000,752.978049,0.000000,0.000000,0.000000,0.000001,-0.003268,-0.005373,0.082566,274.286987,0.000000,0.010380,1.000000,0.000000,0.000219,0.090556
1763991441764,6.397322,272.309723,1.176826,-0.386327,-0.027163,0.999636,-0.001018,121.565184,25.069137,0.000033,213.660747,0.000000,752.981911,0.000000,0.000000,0.000000,-0.000000,0.004168,-0.008819,0.021288,274.291595,0.000000,0.001508,1.000000,0.000000,0.000033,0.090555
1763991441860,6.397322,272.309723,1.176791,-0.386324,-0.027062,0.999637,-0.001018,121.565184,25.069137,0.000145,213.660602,0.000000,752.978122,0.000000,0.000000,0.000000,-0.000001,0.005356,-0.011484,-0.046191,274.296112,0.000000,-0.000051,1.000000,0.000000,0.000145,0.090555
1763991441953,6.397323,272.309692,1.176686,-0.386294,-0.027119,0.999633,-0.001018,121.565184,25.069137,0.000135,213.660432,0.000000,752.986209,0.000000,0.000000,0.000000,-0.000002,0.023627,-0.019413,-0.069826,274.300659,0.000000,-0.000618,1.000000,0.000000,0.000135,0.090556
1763991442058,6.397324,272.309692,1.176499,-0.386283,-0.027160,0.999627,-0.001033,121.565184,25.069137,0.000324,213.660238,0.000000,752.980891,0.000000,0.000000,0.000000,-0.000001,-0.010452,-0.010398,-0.115362,274.305847,0.000000,-0.000870,1.000000,0.000000,0.000324,0.090558
1763991442159,6.397326,272.309692,1.176310,-0.386297,-0.026992,0.999629,-0.001037,121.565184,25.069137,0.000094,213.660287,0.000000,752.976155,0.000000,0.000000,0.000000,-0.000001,-0.003033,-0.000436,-0.091325,274.310608,0.000000,-0.000861,1.000000,0.000000,0.000094,0.090559
1763991442262,6.397327,272.309692,1.176250,-0.386288,-0.027013,0.999625,-0.001031,121.565184,25.069137,0.000133,213.660238,0.000000,752.985189,0.000000,0.000000,0.000000,0.000000,0.009491,-0.001768,0.000139,274.315369,0.000000,-0.006428,1.000000,0.000000,0.000133,0.090560
1763991442351,6.397327,272.309692,1.176270,-0.386278,-0.027040,0.999626,-0.001026,121.565184,25.069137,0.000194,213.660069,0.000000,752.993932,0.000000,0.000000,0.000000,0.000001,0.002167,-0.004397,0.023704,274.319275,0.000000,-0.009601,1.000000,0.000000,0.000194,0.090560
1763991442467,6.397327,272.309692,1.176329,-0.386271,-0.027069,0.999625,-0.001018,121.565184,25.069137,0.000285,213.659609,0.000000,753.010689,0.000000,0.000000,0.000000,0.000001,0.001734,-0.008163,0.035623,274.325012,0.000000,-0.014177,1.000000,0.000000,0.000285,0.090560
1763991442546,6.397327,272.309692,1.176382,-0.386254,-0.027108,0.999633,-0.001011,121.565184,25.069137,0.000216,213.659173,0.000000,753.026207,0.000000,0.000000,0.000000,0.000002,0.017498,-0.014799,0.029894,274.329041,0.000000,-0.010757,1.000000,0.000000,0.000216,0.090560
1763991442646,6.397327,272.309692,1.176435,-0.386238,-0.027027,0.999614,-0.001014,121.565184,25.069137,0.000340,213.658349,0.000000,753.053090,0.000000,0.000000,0.000000,0.000002,-0.001794,-0.019102,0.059411,274.334045,0.000000,0.016745,1.000000,0.000000,0.000340,0.090559
1763991442748,6.397325,272.309692,1.176659,-0.386251,-0.027042,0.999621,-0.001017,121.565184,25.069137,0.000474,213.657235,0.000000,753.080921,0.000000,0.000000,0.000000,0.000001,-0.004458,-0.018564,0.171531,274.338989,0.000000,0.022333,1.000000,0.000000,0.000474,0.090558
1763991442842,6.397322,272.309692,1.176995,-0.386252,-0.027097,0.999624,-0.001017,121.565184,25.069137,0.000531,213.655999,0.000000,753.109480,0.000000,0.000000,0.000000,0.000000,0.004916,-0.021454,0.227539,274.343506,0.000000,0.024654,1.000000,0.000000,0.000531,0.090555
1763991442953,6.397318,272.309662,1.177364,-0.386253,-0.027146,0.999651,-0.001025,121.565184,25.069137,0.000268,213.654473,0.000000,753.129078,0.000000,0.000000,0.000000,-0.000002,-0.001731,-0.016084,0.143632,274.348816,0.000000,0.012224,1.000000,0.000000,0.000268,0.090551
1763991443062,6.397318,272.309662,1.177392,-0.386254,-0.027245,0.999653,-0.001038,121.565184,25.069137,0.000299,213.653311,0.000000,753.123614,0.000000,0.000000,0.000000,-0.000004,-0.005298,0.005184,-0.087294,274.354248,0.000000,-0.000737,1.000000,0.000000,0.000299,0.090551
1763991443179,6.397321,272.309631,1.177077,-0.386256,-0.026981,0.999626,-0.001044,121.565184,25.069137,0.000287,213.652850,0.000000,753.117422,0.000000,0.000000,0.000000,-0.000004,-0.000827,0.011406,-0.175651,274.359619,0.000000,-0.001325,1.000000,0.000000,0.000287,0.090554
1763991443276,6.397323,272.309631,1.176864,-0.386255,-0.027017,0.999614,-0.001042,121.565184,25.069137,0.000192,213.652511,0.000000,753.122667,0.000000,0.000000,0.000000,-0.000003,-0.000220,0.012491,-0.088831,274.364441,0.000000,-0.000502,1.000000,0.000000,0.000192,0.090556
1763991443385,6.397323,272.309631,1.176831,-0.386263,-0.027116,0.999619,-0.001034,121.565184,25.069137,0.000125,213.652124,0.000000,753.131191,0.000000,0.000000,0.000000,-0.000003,-0.010728,-0.001293,0.027101,274.369324,0.000000,0.001192,1.000000,0.000000,0.000125,0.090556
1763991443458,6.397322,272.309631,1.176871,-0.386287,-0.027122,0.999629,-0.001029,121.565184,25.069137,0.000139,213.651833,0.000000,753.133668,0.000000,0.000000,0.000000,-0.000002,-0.019445,0.005727,0.041536,274.373108,0.000000,0.006359,1.000000,0.000000,0.000139,0.090555
1763991443590,6.397323,272.309662,1.176826,-0.386337,-0.027226,0.999645,-0.001018,121.565184,25.069137,0.000495,213.651663,0.000000,753.110500,0.000000,0.000000,0.000000,-0.000002,-0.022277,0.016441,-0.085739,274.379089,0.000000,-0.000582,1.000000,0.000000,0.000495,0.090556
1763991443682,6.397325,272.309692,1.176594,-0.386350,-0.027055,0.999632,-0.001007,121.565184,25.069137,0.000385,213.651954,0.000000,753.103506,0.000000,0.000000,0.000000,-0.000001,-0.009884,0.013674,-0.146508,274.383728,0.000000,-0.001015,1.000000,0.000000,0.000385,0.090558
1763991443769,6.397326,272.309692,1.176445,-0.386324,-0.026969,0.999616,-0.000995,121.565184,25.069137,0.000048,213.652099,0.000000,753.118952,0.000000,0.000000,0.000000,-0.000000,0.020471,-0.005995,-0.054221,274.387756,0.000000,-0.000123,1.000000,0.000000,0.000048,0.090559
1763991443886,6.397323,272.309631,1.176681,-0.386329,-0.026960,0.999620,-0.001002,121.565184,25.069137,0.000380,213.651639,0.000000,753.150134,0.000000,0.000000,0.000000,0.000000,-0.008124,-0.016259,0.189724,274.393738,0.000000,0.017051,1.000000,0.000000,0.000380,0.090556
1763991443965,6.397320,272.309631,1.176962,-0.386341,-0.027120,0.999637,-0.001012,121.565184,25.069137,0.000335,213.651082,0.000000,753.158221,0.000000,0.000000,0.000000,-0.000000,-0.009848,-0.003254,0.202266,274.397522,0.000000,0.015021,1.000000,0.000000,0.000335,0.090553
1763991444089,6.397318,272.309631,1.177178,-0.386353,-0.027230,0.999640,-0.001030,121.565184,25.069137,0.000310,213.650573,0.000000,753.140007,0.000000,0.000000,0.000000,-0.000002,-0.001735,0.001489,0.038289,274.403564,0.000000,0.000547,1.000000,0.000000,0.000310,0.090551
1763991444162,6.397318,272.309631,1.177151,-0.386363,-0.027105,0.999647,-0.001042,121.565184,25.069137,0.000386,213.650670,0.000000,753.123760,0.000000,0.000000,0.000000,-0.000003,-0.006526,0.010840,-0.053148,274.407166,0.000000,-0.000266,1.000000,0.000000,0.000386,0.090551
1763991444267,6.397320,272.309631,1.176961,-0.386347,-0.027080,0.999634,-0.001040,121.565184,25.069137,0.000426,213.651203,0.000000,753.104381,0.000000,0.000000,0.000000,-0.000003,0.017781,0.014883,-0.122921,274.412231,0.000000,-0.000782,1.000000,0.000000,0.000426,0.090553
1763991444366,6.397321,272.309631,1.176766,-0.386314,-0.027049,0.999625,-0.001036,121.565184,25.069137,0.000285,213.651785,0.000000,753.098989,0.000000,0.000000,0.000000,-0.000003,0.018267,0.007710,-0.091000,274.417053,0.000000,-0.000493,1.000000,0.000000,0.000285,0.090554
1763991444475,6.397323,272.309631,1.176553,-0.386288,-0.027123,0.999637,-0.001035,121.565184,25.069137,0.000319,213.652317,0.000000,753.088498,0.000000,0.000000,0.000000,-0.000002,0.009602,0.006305,-0.140791,274.421936,0.000000,-0.001370,1.000000,0.000000,0.000319,0.090557
1763991444566,6.397326,272.309631,1.176243,-0.386287,-0.027084,0.999630,-0.001030,121.565184,25.069137,0.000475,213.652996,0.000000,753.067661,0.000000,0.000000,0.000000,-0.000000,-0.006534,0.010640,-0.202268,274.426514,0.000000,-0.001706,1.000000,0.000000,0.000475,0.090559
1763991444651,6.397329,272.309631,1.175971,-0.386294,-0.027057,0.999625,-0.001023,121.565184,25.069137,0.000269,213.653625,0.000000,753.059210,0.000000,0.000000,0.000000,0.000001,0.001354,0.011923,-0.154807,274.430481,0.000000,-0.001575,1.000000,0.000000,0.000269,0.090562
1763991444764,6.397331,272.309631,1.175793,-0.386271,-0.026991,0.999619,-0.001008,121.565184,25.069137,0.000107,213.654255,0.000000,753.069483,0.000000,0.000000,0.000000,0.000004,0.013822,-0.011168,-0.040921,274.435852,0.000000,-0.004353,1.000000,0.000000,0.000107,0.090564
1763991444848,6.397331,272.309631,1.175786,-0.386263,-0.027031,0.999623,-0.001006,121.565184,25.069137,0.000189,213.654328,0.000000,753.079027,0.000000,0.000000,0.000000,0.000005,0.002001,-0.014309,0.015234,274.439880,0.000000,-0.009298,1.000000,0.000000,0.000189,0.090564
1763991444958,6.397331,272.309631,1.175872,-0.386261,-0.027030,0.999622,-0.001007,121.565184,25.069137,0.000305,213.654183,0.000000,753.093015,0.000000,0.000000,0.000000,0.000006,-0.001519,-0.015524,0.074057,274.444885,0.000000,0.014877,1.000000,0.000000,0.000305,0.090564
1763991445051,6.397329,272.309631,1.176039,-0.386268,-0.027035,0.999628,-0.001013,121.565184,25.069137,0.000437,213.653819,0.000000,753.106056,0.000000,0.000000,0.000000,0.000006,-0.003433,-0.014493,0.126896,274.449158,0.000000,0.021137,1.000000,0.000000,0.000437,0.090562
1763991445171,6.397327,272.309631,1.176389,-0.386271,-0.027114,0.999632,-0.001022,121.565184,25.069137,0.000489,213.653093,0.000000,753.125071,0.000000,0.000000,0.000000,0.000005,0.000822,-0.012041,0.166811,274.455139,0.000000,0.023485,1.000000,0.000000,0.000489,0.090560
1763991445245,6.397325,272.309631,1.176624,-0.386269,-0.027070,0.999633,-0.001026,121.565184,25.069137,0.000470,213.652560,0.000000,753.136801,0.000000,0.000000,0.000000,0.000004,0.004450,-0.009715,0.168042,274.458923,0.000000,0.022413,1.000000,0.000000,0.000470,0.090558
1763991445350,6.397323,272.309631,1.176900,-0.386268,-0.027083,0.999634,-0.001032,121.565184,25.069137,0.000411,213.651809,0.000000,753.150061,0.000000,0.000000,0.000000,0.000002,-0.001230,-0.005196,0.143264,274.463745,0.000000,0.019651,1.000000,0.000000,0.000411,0.090556
1763991445461,6.397321,272.309631,1.177158,-0.386289,-0.027146,0.999635,-0.001038,121.565184,25.069137,0.000249,213.651034,0.000000,753.155234,0.000000,0.000000,0.000000,0.000000,-0.017139,0.004943,0.117526,274.469055,0.000000,0.011611,1.000000,0.000000,0.000249,0.090554
1763991445555,6.397320,272.309662,1.177258,-0.386300,-0.027156,0.999653,-0.001038,121.565184,25.069137,0.000018,213.650622,0.000000,753.149842,0.000000,0.000000,0.000000,-0.000001,-0.003378,0.010217,0.005771,274.473450,0.000000,-0.000877,1.000000,0.000000,0.000018,0.090553
1763991445650,6.397322,272.309631,1.177141,-0.386290,-0.027172,0.999628,-0.001034,121.565184,25.069137,0.000219,213.650452,0.000000,753.144597,0.000000,0.000000,0.000000,-0.000002,0.001349,0.009478,-0.097387,274.478088,0.000000,-0.000773,1.000000,0.000000,0.000219,0.090555
1763991445769,6.397322,272.309631,1.176991,-0.386294,-0.026967,0.999614,-0.001026,121.565184,25.069137,0.000107,213.650380,0.000000,753.153704,0.000000,0.000000,0.000000,-0.000003,-0.000957,0.008313,-0.007735,274.483826,0.000000,0.005213,1.000000,0.000000,0.000107,0.090555
1763991445856,6.397321,272.309631,1.177105,-0.386301,-0.027094,0.999615,-0.001019,121.565184,25.069137,0.000354,213.649992,0.000000,753.174322,0.000000,0.000000,0.000000,-0.000003,-0.007366,0.002085,0.125684,274.488037,0.000000,0.016712,1.000000,0.000000,0.000354,0.090554
1763991445968,6.397319,272.309662,1.177306,-0.386328,-0.027204,0.999651,-0.001014,121.565184,25.069137,0.000210,213.649435,0.000000,753.166162,0.000000,0.000000,0.000000,-0.000003,-0.012975,0.003521,0.028125,274.493591,0.000000,0.000615,1.000000,0.000000,0.000210,0.090552
1763991446055,6.397320,272.309631,1.177188,-0.386311,-0.027207,0.999661,-0.001009,121.565184,25.069137,0.000444,213.649362,0.000000,753.159022,0.000000,0.000000,0.000000,-0.000004,0.022407,-0.001906,-0.153871,274.497650,0.000000,-0.001247,1.000000,0.000000,0.000444,0.090553
1763991446154,6.397324,272.309631,1.176801,-0.386271,-0.027123,0.999640,-0.001015,121.565184,25.069137,0.000636,213.649411,0.000000,753.153631,0.000000,0.000000,0.000000,-0.000003,0.025370,-0.007557,-0.288135,274.502045,0.000000,-0.002364,1.000000,0.000000,0.000636,0.090557
1763991446271,6.397328,272.309631,1.176268,-0.386235,-0.026876,0.999616,-0.001026,121.565184,25.069137,0.000230,213.649532,0.000000,753.163029,0.000000,0.000000,0.000000,-0.000001,0.012174,-0.012145,-0.210923,274.507477,0.000000,-0.001813,1.000000,0.000000,0.000230,0.090561
1763991446371,6.397329,272.309631,1.176188,-0.386217,-0.026946,0.999600,-0.001033,121.565184,25.069137,0.000540,213.649096,0.000000,753.198145,0.000000,0.000000,0.000000,0.000001,0.007096,-0.013296,0.079447,274.512695,0.000000,0.026709,1.000000,0.000000,0.000540,0.090562
1763991446452,6.397328,272.309631,1.176418,-0.386214,-0.027075,0.999618,-0.001032,121.565184,25.069137,0.000644,213.648272,0.000000,753.220512,0.000000,0.000000,0.000000,0.000002,0.000687,-0.009591,0.193834,274.516724,0.000000,0.031186,1.000000,0.000000,0.000644,0.090560
1763991446568,6.397325,272.309631,1.176743,-0.386235,-0.027217,0.999636,-0.001032,121.565184,25.069137,0.000287,213.647279,0.000000,753.225976,0.000000,0.000000,0.000000,0.000003,-0.021166,-0.001588,0.168091,274.521484,0.000000,0.013178,1.000000,0.000000,0.000287,0.090558
1763991446702,6.397322,272.309631,1.177138,-0.386269,-0.027049,0.999632,-0.001021,121.565184,25.069137,0.000457,213.646213,0.000000,753.246084,0.000000,0.000000,0.000000,0.000001,-0.012370,-0.000646,0.172843,274.528564,0.000000,0.021469,1.000000,0.000000,0.000457,0.090555
1763991446774,6.397319,272.309662,1.177386,-0.386277,-0.027196,0.999631,-0.001015,121.565184,25.069137,0.000237,213.645583,0.000000,753.255992,0.000000,0.000000,0.000000,-0.000000,-0.005827,-0.004946,0.180100,274.532349,0.000000,0.010215,1.000000,0.000000,0.000237,0.090552
1763991446871,6.397317,272.309662,1.177620,-0.386287,-0.027139,0.999648,-0.001014,121.565184,25.069137,0.000082,213.644881,0.000000,753.260510,0.000000,0.000000,0.000000,-0.000002,-0.001381,-0.009704,0.087090,274.537354,0.000000,0.001447,1.000000,0.000000,0.000082,0.090550
1763991446961,6.397316,272.309662,1.177658,-0.386278,-0.027150,0.999651,-0.001016,121.565184,25.069137,0.000136,213.644348,0.000000,753.265682,0.000000,0.000000,0.000000,-0.000004,0.018041,-0.013231,-0.024825,274.541748,0.000000,-0.000197,1.000000,0.000000,0.000136,0.090549
1763991447063,6.397318,272.309662,1.177464,-0.386265,-0.027257,0.999648,-0.001030,121.565184,25.069137,0.000630,213.643936,0.000000,753.253443,0.000000,0.000000,0.000000,-0.000005,0.004449,-0.007743,-0.184322,274.546387,0.000000,-0.001534,1.000000,0.000000,0.000630,0.090551
1763991447159,6.397322,272.309631,1.177016,-0.386252,-0.027040,0.999630,-0.001039,121.565184,25.069137,0.000745,213.644033,0.000000,753.237123,0.000000,0.000000,0.000000,-0.000004,0.001147,0.000521,-0.291721,274.550964,0.000000,-0.002074,1.000000,0.000000,0.000745,0.090555
1763991447263,6.397325,272.309631,1.176599,-0.386229,-0.026961,0.999612,-0.001038,121.565184,25.069137,0.000316,213.644275,0.000000,753.241931,0.000000,0.000000,0.000000,-0.000002,0.014973,-0.001472,-0.163271,274.556030,0.000000,-0.001047,1.000000,0.000000,0.000316,0.090558
1763991447350,6.397326,272.309631,1.176527,-0.386220,-0.027034,0.999604,-0.001035,121.565184,25.069137,0.000125,213.644178,0.000000,753.259052,0.000000,0.000000,0.000000,-0.000001,-0.002496,-0.005420,0.038267,274.560364,0.000000,0.005878,1.000000,0.000000,0.000125,0.090559
1763991447456,6.397325,272.309631,1.176663,-0.386220,-0.027066,0.999632,-0.001024,121.565184,25.069137,0.000199,213.643791,0.000000,753.269835,0.000000,0.000000,0.000000,0.000001,0.005427,-0.005717,0.076918,274.565552,0.000000,0.009527,1.000000,0.000000,0.000199,0.090558
1763991447565,6.397324,272.309631,1.176783,-0.386241,-0.027074,0.999639,-0.001020,121.565184,25.069137,0.000092,213.643379,0.000000,753.270564,0.000000,0.000000,0.000000,0.000001,-0.018373,-0.004893,0.036124,274.570740,0.000000,0.004220,1.000000,0.000000,0.000092,0.090557
1763991447660,6.397324,272.309631,1.176834,-0.386268,-0.027073,0.999628,-0.001016,121.565184,25.069137,0.000184,213.643137,0.000000,753.274716,0.000000,0.000000,0.000000,0.000001,-0.017695,-0.000767,0.040049,274.575073,0.000000,0.009103,1.000000,0.000000,0.000184,0.090557
1763991447774,6.397323,272.309631,1.176926,-0.386301,-0.027102,0.999626,-0.001015,121.565184,25.069137,0.000164,213.642846,0.000000,753.277485,0.000000,0.000000,0.000000,0.000001,-0.018900,0.001917,0.057333,274.580261,0.000000,0.007881,1.000000,0.000000,0.000164,0.090556
1763991447853,6.397322,272.309631,1.177014,-0.386334,-0.027092,0.999633,-0.001017,121.565184,25.069137,0.000039,213.642701,0.000000,753.270782,0.000000,0.000000,0.000000,0.000001,-0.018695,0.007497,0.051600,274.584167,0.000000,0.001193,1.000000,0.000000,0.000039,0.090555
1763991447945,6.397322,272.309631,1.177086,-0.386354,-0.027077,0.999625,-0.001017,121.565184,25.069137,0.000087,213.642701,0.000000,753.269616,0.000000,0.000000,0.000000,0.000000,-0.008744,0.007429,0.050048,274.589111,0.000000,0.003925,1.000000,0.000000,0.000087,0.090555
1763991448058,6.397321,272.309631,1.177186,-0.386369,-0.027097,0.999629,-0.001021,121.565184,25.069137,0.000081,213.642773,0.000000,753.267139,0.000000,0.000000,0.000000,-0.000000,-0.007353,0.005862,0.052722,274.594604,0.000000,0.003660,1.000000,0.000000,0.000081,0.090554
1763991448144,6.397320,272.309662,1.177274,-0.386378,-0.027072,0.999627,-0.001024,121.565184,25.069137,0.000092,213.642798,0.000000,753.265391,0.000000,0.000000,0.000000,-0.000001,-0.009013,0.007570,0.062636,274.598694,0.000000,0.003933,1.000000,0.000000,0.000092,0.090553
1763991448251,6.397319,272.309662,1.177376,-0.386389,-0.027098,0.999634,-0.001024,121.565184,25.069137,0.000084,213.642991,0.000000,753.253807,0.000000,0.000000,0.000000,-0.000002,0.003499,0.009156,0.045744,274.603943,0.000000,0.000829,1.000000,0.000000,0.000084,0.090552
1763991448351,6.397317,272.309662,1.177459,-0.386368,-0.027154,0.999632,-0.001020,121.565184,25.069137,0.000138,213.643209,0.000000,753.251985,0.000000,0.000000,0.000000,-0.000003,0.013463,-0.000867,0.044177,274.608826,0.000000,0.000803,1.000000,0.000000,0.000138,0.090550
1763991448445,6.397317,272.309662,1.177423,-0.386355,-0.027198,0.999656,-0.001027,121.565184,25.069137,0.000469,213.643573,0.000000,753.232460,0.000000,0.000000,0.000000,-0.000003,0.004420,0.000017,-0.089307,274.613159,0.000000,-0.000488,1.000000,0.000000,0.000469,0.090550
1763991448557,6.397320,272.309631,1.177076,-0.386337,-0.027052,0.999640,-0.001028,121.565184,25.069137,0.000714,213.644348,0.000000,753.202590,0.000000,0.000000,0.000000,-0.000003,0.018835,0.003826,-0.253460,274.618042,0.000000,-0.001801,1.000000,0.000000,0.000714,0.090553
1763991448662,6.397324,272.309631,1.176602,-0.386300,-0.027024,0.999626,-0.001031,121.565184,25.069137,0.000492,213.645365,0.000000,753.190641,0.000000,0.000000,0.000000,-0.000002,0.018521,-0.000181,-0.228411,274.623230,0.000000,-0.001736,1.000000,0.000000,0.000492,0.090557
1763991448759,6.397327,272.309631,1.176292,-0.386287,-0.026996,0.999606,-0.001035,121.565184,25.069137,0.000197,213.646140,0.000000,753.184230,0.000000,0.000000,0.000000,0.000000,-0.007130,0.001019,-0.115160,274.627869,0.000000,-0.000896,1.000000,0.000000,0.000197,0.090560
1763991448845,6.397327,272.309631,1.176263,-0.386307,-0.026994,0.999604,-0.001032,121.565184,25.069137,0.000094,213.646649,0.000000,753.179276,0.000000,0.000000,0.000000,0.000002,-0.019433,0.004034,0.046008,274.631470,0.000000,0.003378,1.000000,0.000000,0.000094,0.090560
1763991448969,6.397325,272.309631,1.176505,-0.386321,-0.027108,0.999627,-0.001016,121.565184,25.069137,0.000228,213.647327,0.000000,753.177600,0.000000,0.000000,0.000000,0.000003,-0.002764,-0.003037,0.143843,274.637207,0.000000,0.010348,1.000000,0.000000,0.000228,0.090558
1763991449055,6.397324,272.309631,1.176658,-0.386337,-0.027164,0.999643,-0.001013,121.565184,25.069137,0.000056,213.647691,0.000000,753.164049,0.000000,0.000000,0.000000,0.000003,-0.014263,-0.001832,0.061354,274.641296,0.000000,0.001648,1.000000,0.000000,0.000056,0.090557
1763991449168,6.397324,272.309631,1.176659,-0.386346,-0.027134,0.999637,-0.001009,121.565184,25.069137,0.000157,213.648393,0.000000,753.146199,0.000000,0.000000,0.000000,0.000002,0.000057,-0.002242,-0.039706,274.646423,0.000000,-0.000430,1.000000,0.000000,0.000157,0.090557
1763991449271,6.397325,272.309631,1.176572,-0.386340,-0.027062,0.999633,-0.001011,121.565184,25.069137,0.000154,213.649072,0.000000,753.136437,0.000000,0.000000,0.000000,0.000002,0.005032,-0.005995,-0.053437,274.650940,0.000000,-0.000444,1.000000,0.000000,0.000154,0.090558
1763991449361,6.397326,272.309631,1.176471,-0.386342,-0.027077,0.999629,-0.001021,121.565184,25.069137,0.000108,213.649726,0.000000,753.124853,0.000000,0.000000,0.000000,0.000002,0.000018,-0.003468,-0.055930,274.655273,0.000000,-0.000754,1.000000,0.000000,0.000108,0.090559
1763991449453,6.397327,272.309631,1.176405,-0.386339,-0.027098,0.999635,-0.001028,121.565184,25.069137,0.000095,213.650380,0.000000,753.114216,0.000000,0.000000,0.000000,0.000003,0.001786,0.003531,-0.042688,274.659424,0.000000,-0.000688,1.000000,0.000000,0.000095,0.090559
1763991449563,6.397327,272.309631,1.176343,-0.386345,-0.027053,0.999628,-0.001034,121.565184,25.069137,0.000059,213.651203,0.000000,753.095419,0.000000,0.000000,0.000000,0.000003,-0.003884,0.006476,-0.016388,274.664612,0.000000,-0.000063,1.000000,0.000000,0.000059,0.090560
1763991449649,6.397327,272.309631,1.176341,-0.386352,-0.027083,0.999626,-0.001035,121.565184,25.069137,0.000043,213.651906,0.000000,753.084054,0.000000,0.000000,0.000000,0.000003,-0.003887,0.010440,0.014261,274.668396,0.000000,0.002150,1.000000,0.000000,0.000043,0.090560
1763991449752,6.397327,272.309631,1.176376,-0.386355,-0.027108,0.999632,-0.001032,121.565184,25.069137,0.000055,213.652729,0.000000,753.070211,0.000000,0.000000,0.000000,0.000003,-0.006298,0.011297,0.013546,274.672913,0.000000,-0.001191,1.000000,0.000000,0.000055,0.090560
1763991449854,6.397327,272.309631,1.176365,-0.386371,-0.027060,0.999630,-0.001025,121.565184,25.069137,0.000081,213.653650,0.000000,753.049739,0.000000,0.000000,0.000000,0.000003,-0.007113,0.014001,-0.005554,274.677673,0.000000,0.000161,1.000000,0.000000,0.000081,0.090560
1763991449959,6.397327,272.309631,1.176364,-0.386351,-0.027052,0.999637,-0.001012,121.565184,25.069137,0.000075,213.654522,0.000000,753.046242,0.000000,0.000000,0.000000,0.000003,0.016833,0.001112,-0.009250,274.682373,0.000000,-0.003434,1.000000,0.000000,0.000075,0.090560
1763991450051,6.397328,272.309631,1.176335,-0.386342,-0.027127,0.999628,-0.001011,121.565184,25.069137,0.000084,213.655055,0.000000,753.040705,0.000000,0.000000,0.000000,0.000003,0.000097,-0.000980,-0.027932,274.686584,0.000000,-0.000310,1.000000,0.000000,0.000084,0.090561
1763991450143,6.397328,272.309662,1.176303,-0.386329,-0.027012,0.999626,-0.001005,121.565184,25.069137,0.000128,213.655588,0.000000,753.043619,0.000000,0.000000,0.000000,0.000003,0.020215,-0.008494,0.000257,274.691101,0.000000,-0.006306,1.000000,0.000000,0.000128,0.090561
1763991450251,6.397328,272.309662,1.176390,-0.386299,-0.027055,0.999628,-0.001013,121.565184,25.069137,0.000316,213.655709,0.000000,753.061104,0.000000,0.000000,0.000000,0.000003,0.009399,-0.017631,0.079814,274.696106,0.000000,0.015436,1.000000,0.000000,0.000316,0.090561
1763991450371,6.397327,272.309662,1.176550,-0.386292,-0.027102,0.999629,-0.001025,121.565184,25.069137,0.000229,213.655515,0.000000,753.066350,0.000000,0.000000,0.000000,0.000002,-0.001819,-0.015297,0.076806,274.701477,0.000000,0.011014,1.000000,0.000000,0.000229,0.090560
1763991450465,6.397326,272.309662,1.176682,-0.386284,-0.027094,0.999622,-0.001029,121.565184,25.069137,0.000212,213.655297,0.000000,753.071741,0.000000,0.000000,0.000000,0.000002,0.002377,-0.015567,0.090963,274.705933,0.000000,0.009716,1.000000,0.000000,0.000212,0.090559
1763991450558,6.397324,272.309662,1.176835,-0.386296,-0.027058,0.999631,-0.001038,121.565184,25.069137,0.000153,213.655127,0.000000,753.069191,0.000000,0.000000,0.000000,0.000001,-0.011721,0.000196,0.087793,274.710144,0.000000,0.006731,1.000000,0.000000,0.000153,0.090557
1763991450651,6.397323,272.309631,1.176975,-0.386299,-0.027082,0.999631,-0.001036,121.565184,25.069137,0.000152,213.655103,0.000000,753.068609,0.000000,0.000000,0.000000,-0.000000,0.006373,0.001788,0.087505,274.714478,0.000000,0.006797,1.000000,0.000000,0.000152,0.090556
1763991450771,6.397322,272.309631,1.177025,-0.386278,-0.027174,0.999653,-0.001034,121.565184,25.069137,0.000110,213.655079,0.000000,753.060740,0.000000,0.000000,0.000000,-0.000002,0.012628,-0.001021,-0.049285,274.720093,0.000000,-0.000533,1.000000,0.000000,0.000110,0.090556
1763991450870,6.397325,272.309662,1.176782,-0.386261,-0.027117,0.999637,-0.001032,121.565184,25.069137,0.000314,213.655273,0.000000,753.047990,0.000000,0.000000,0.000000,-0.000002,0.006157,-0.002401,-0.184600,274.724640,0.000000,-0.001729,1.000000,0.000000,0.000314,0.090558
1763991450975,6.397327,272.309631,1.176529,-0.386271,-0.027011,0.999622,-0.001030,121.565184,25.069137,0.000111,213.655563,0.000000,753.047626,0.000000,0.000000,0.000000,-0.000001,-0.011018,0.002478,-0.098293,274.729279,0.000000,-0.001519,1.000000,0.000000,0.000111,0.090560
1763991451078,6.397327,272.309631,1.176566,-0.386298,-0.026991,0.999606,-0.001020,121.565184,25.069137,0.000331,213.655660,0.000000,753.058919,0.000000,0.000000,0.000000,-0.000000,-0.016436,0.002993,0.105785,274.734100,0.000000,0.015552,1.000000,0.000000,0.000331,0.090559
1763991451145,6.397325,272.309631,1.176749,-0.386309,-0.027041,0.999631,-0.001012,121.565184,25.069137,0.000423,213.655539,0.000000,753.067807,0.000000,0.000000,0.000000,-0.000000,-0.005100,-0.001298,0.167136,274.737335,0.000000,0.019861,1.000000,0.000000,0.000423,0.090558
1763991451276,6.397323,272.309631,1.176990,-0.386328,-0.027266,0.999653,-0.001012,121.565184,25.069137,0.000262,213.655273,0.000000,753.055859,0.000000,0.000000,0.000000,-0.000001,-0.013282,0.000504,-0.009108,274.743378,0.000000,-0.000107,1.000000,0.000000,0.000262,0.090557
1763991451358,6.397325,272.309631,1.176793,-0.386337,-0.027130,0.999646,-0.001016,121.565184,25.069137,0.000559,213.655588,0.000000,753.032764,0.000000,0.000000,0.000000,-0.000001,-0.005381,0.005192,-0.194444,274.747345,0.000000,-0.001358,1.000000,0.000000,0.000559,0.090558
1763991451467,6.397328,272.309631,1.176445,-0.386337,-0.026977,0.999610,-0.001021,121.565184,25.069137,0.000172,213.656193,0.000000,753.028247,0.000000,0.000000,0.000000,-0.000000,0.002494,0.005158,-0.126468,274.752289,0.000000,-0.000873,1.000000,0.000000,0.000172,0.090561
1763991451550,6.397328,272.309631,1.176414,-0.386341,-0.027074,0.999609,-0.001025,121.565184,25.069137,0.000062,213.656460,0.000000,753.031889,0.000000,0.000000,0.000000,0.000001,-0.006523,0.000493,0.044894,274.756073,0.000000,0.002160,1.000000,0.000000,0.000062,0.090561
1763991451653,6.397326,272.309631,1.176605,-0.386335,-0.027114,0.999640,-0.001024,121.565184,25.069137,0.000206,213.656605,0.000000,753.037426,0.000000,0.000000,0.000000,0.000001,0.011347,-0.001008,0.116720,274.760895,0.000000,0.009440,1.000000,0.000000,0.000206,0.090559
1763991451754,6.397326,272.309631,1.176680,-0.386305,-0.027206,0.999647,-0.001024,121.565184,25.069137,0.000074,213.656750,0.000000,753.031744,0.000000,0.000000,0.000000,0.000001,0.017715,-0.002338,-0.020283,274.765533,0.000000,-0.000455,1.000000,0.000000,0.000074,0.090559
1763991451848,6.397327,272.309631,1.176514,-0.386288,-0.027077,0.999643,-0.001029,121.565184,25.069137,0.000332,213.656968,0.000000,753.015716,0.000000,0.000000,0.000000,0.000001,0.010105,0.001182,-0.154527,274.769928,0.000000,-0.001285,1.000000,0.000000,0.000332,0.090560
1763991451948,6.397330,272.309662,1.176255,-0.386249,-0.027003,0.999616,-0.001026,121.565184,25.069137,0.000076,213.657259,0.000000,753.025260,0.000000,0.000000,0.000000,0.000001,0.021141,-0.005849,-0.109244,274.774506,0.000000,-0.001393,1.000000,0.000000,0.000076,0.090563
1763991452086,6.397330,272.309631,1.176230,-0.386215,-0.026948,0.999610,-0.001025,121.565184,25.069137,0.000496,213.656993,0.000000,753.057243,0.000000,0.000000,0.000000,0.000003,0.008037,-0.016758,0.079494,274.780487,0.000000,0.024311,1.000000,0.000000,0.000496,0.090563
1763991452155,6.397328,272.309631,1.176437,-0.386209,-0.027010,0.999610,-0.001023,121.565184,25.069137,0.000773,213.656460,0.000000,753.082961,0.000000,0.000000,0.000000,0.000003,0.002960,-0.020617,0.221250,274.783722,0.000000,0.037239,1.000000,0.000000,0.000773,0.090561
1763991452262,6.397324,272.309540,1.176994,-0.386226,-0.027093,0.999621,-0.001021,121.565184,25.069137,0.000829,213.655273,0.000000,753.113852,0.000000,0.000000,0.000000,0.000002,-0.012584,-0.016157,0.336194,274.788788,0.000000,0.038937,1.000000,0.000000,0.000829,0.090557
1763991452368,6.397318,272.309540,1.177674,-0.386268,-0.027221,0.999636,-0.001018,121.565184,25.069137,0.000633,213.653916,0.000000,753.134397,0.000000,0.000000,0.000000,-0.000001,-0.023172,-0.007156,0.367757,274.793732,0.000000,0.028697,1.000000,0.000000,0.000633,0.090551
1763991452486,6.397315,272.309540,1.178039,-0.386274,-0.027395,0.999664,-0.001020,121.565184,25.069137,0.000247,213.652802,0.000000,753.127039,0.000000,0.000000,0.000000,-0.000004,0.001533,-0.001114,0.027197,274.799164,0.000000,0.000103,1.000000,0.000000,0.000247,0.090548
1763991452552,6.397317,272.309540,1.177872,-0.386276,-0.027323,0.999670,-0.001032,121.565184,25.069137,0.000948,213.652584,0.000000,753.100738,0.000000,0.000000,0.000000,-0.000006,0.000006,0.010392,-0.232176,274.802429,0.000000,-0.001591,1.000000,0.000000,0.000948,0.090549
1763991452651,6.397321,272.309540,1.177293,-0.386261,-0.026982,0.999632,-0.001036,121.565184,25.069137,0.000839,213.652899,0.000000,753.084928,0.000000,0.000000,0.000000,-0.000006,0.008044,0.016273,-0.352997,274.807007,0.000000,-0.002428,1.000000,0.000000,0.000839,0.090554
1763991452745,6.397325,272.309540,1.176829,-0.386243,-0.026921,0.999607,-0.001040,121.565184,25.069137,0.000303,213.653189,0.000000,753.091267,0.000000,0.000000,0.000000,-0.000005,0.012972,0.013814,-0.201442,274.811401,0.000000,-0.001377,1.000000,0.000000,0.000303,0.090558
1763991452858,6.397325,272.309540,1.176756,-0.386242,-0.027052,0.999617,-0.001035,121.565184,25.069137,0.000135,213.653093,0.000000,753.105619,0.000000,0.000000,0.000000,-0.000003,-0.003113,0.005551,0.060460,274.816711,0.000000,0.005837,1.000000,0.000000,0.000135,0.090558
1763991452962,6.397323,272.309540,1.176895,-0.386255,-0.027123,0.999634,-0.001027,121.565184,25.069137,0.000116,213.652923,0.000000,753.104235,0.000000,0.000000,0.000000,-0.000002,-0.013661,0.006264,0.073867,274.821228,0.000000,0.004260,1.000000,0.000000,0.000116,0.090556
1763991453050,6.397323,272.309540,1.176933,-0.386289,-0.027193,0.999644,-0.001022,121.565184,25.069137,0.000305,213.652996,0.000000,753.084272,0.000000,0.000000,0.000000,-0.000002,-0.025076,0.015790,-0.024294,274.825562,0.000000,-0.000074,1.000000,0.000000,0.000305,0.090556
1763991453164,6.397325,272.309631,1.176754,-0.386343,-0.027092,0.999636,-0.001019,121.565184,25.069137,0.000378,213.653674,0.000000,753.054183,0.000000,0.000000,0.000000,-0.000001,-0.026615,0.022522,-0.118056,274.830872,0.000000,-0.000914,1.000000,0.000000,0.000378,0.090558
1763991453243,6.397326,272.309631,1.176613,-0.386372,-0.026995,0.999624,-0.001015,121.565184,25.069137,0.000192,213.654376,0.000000,753.041069,0.000000,0.000000,0.000000,-0.000000,-0.012941,0.018734,-0.079494,274.834473,0.000000,-0.000552,1.000000,0.000000,0.000192,0.090559
1763991453349,6.397326,272.309631,1.176577,-0.386399,-0.027019,0.999616,-0.001012,121.565184,25.069137,0.000082,213.655224,0.000000,753.032181,0.000000,0.000000,0.000000,0.000000,-0.007943,0.010964,0.028100,274.839233,0.000000,0.003799,1.000000,0.000000,0.000082,0.090559
1763991453465,6.397324,272.309631,1.176741,-0.386424,-0.027083,0.999630,-0.001011,121.565184,25.069137,0.000121,213.656024,0.000000,753.021325,0.000000,0.000000,0.000000,0.000001,-0.011194,0.008240,0.096625,274.844360,0.000000,0.005116,1.000000,0.000000,0.000121,0.090558
1763991453550,6.397323,272.309631,1.176851,-0.386426,-0.027153,0.999647,-0.001011,121.565184,25.069137,0.000053,213.656629,0.000000,753.008211,0.000000,0.000000,0.000000,0.000001,0.002354,0.005771,0.043167,274.848267,0.000000,0.000525,1.000000,0.000000,0.000053,0.090557
1763991453662,6.397324,272.309631,1.176770,-0.386413,-0.027160,0.999636,-0.001020,121.565184,25.069137,0.000328,213.657574,0.000000,752.982421,0.000000,0.000000,0.000000,0.000000,0.000196,0.007370,-0.089622,274.853333,0.000000,-0.000697,1.000000,0.000000,0.000328,0.090558
1763991453747,6.397326,272.309631,1.176593,-0.386419,-0.027041,0.999639,-0.001030,121.565184,25.069137,0.000313,213.658494,0.000000,752.959107,0.000000,0.000000,0.000000,0.000000,-0.003927,0.015607,-0.135935,274.857117,0.000000,-0.001156,1.000000,0.000000,0.000313,0.090559
1763991453855,6.397328,272.309631,1.176341,-0.386404,-0.027065,0.999618,-0.001033,121.565184,25.069137,0.000205,213.659827,0.000000,752.939363,0.000000,0.000000,0.000000,0.000001,0.012917,0.018495,-0.111359,274.862061,0.000000,-0.001092,1.000000,0.000000,0.000205,0.090561
1763991453972,6.397330,272.309692,1.176189,-0.386411,-0.026991,0.999619,-0.001034,121.565184,25.069137,0.000157,213.661183,0.000000,752.912917,0.000000,0.000000,0.000000,0.000003,-0.007793,0.022056,-0.042000,274.867126,0.000000,-0.000043,1.000000,0.000000,0.000157,0.090563
1763991454063,6.397330,272.309692,1.176194,-0.386396,-0.027010,0.999617,-0.001023,121.565184,25.069137,0.000190,213.662201,0.000000,752.911314,0.000000,0.000000,0.000000,0.000004,0.009899,0.012558,0.044765,274.871338,0.000000,0.009277,1.000000,0.000000,0.000190,0.090562
1763991454145,6.397329,272.309692,1.176292,-0.386376,-0.027122,0.999632,-0.001015,121.565184,25.069137,0.000144,213.662830,0.000000,752.910804,0.000000,0.000000,0.000000,0.000004,0.013094,0.003180,0.070672,274.875061,0.000000,0.006824,1.000000,0.000000,0.000144,0.090562
1763991454257,6.397328,272.309692,1.176386,-0.386377,-0.027056,0.999630,-0.001012,121.565184,25.069137,0.000142,213.663484,0.000000,752.903227,0.000000,0.000000,0.000000,0.000004,-0.003626,-0.001055,0.050077,274.879944,0.000000,0.006859,1.000000,0.000000,0.000142,0.090561
1763991454362,6.397327,272.309692,1.176524,-0.386389,-0.027054,0.999632,-0.001013,121.565184,25.069137,0.000301,213.663993,0.000000,752.903737,0.000000,0.000000,0.000000,0.000003,-0.005064,-0.001804,0.092204,274.884949,0.000000,0.014612,1.000000,0.000000,0.000301,0.090560
1763991454438,6.397327,272.309692,1.176623,-0.386378,-0.027107,0.999637,-0.001013,121.565184,25.069137,0.000314,213.664187,0.000000,752.906797,0.000000,0.000000,0.000000,0.000003,0.012289,-0.003817,0.056503,274.888519,0.000000,-0.015590,1.000000,0.000000,0.000314,0.090560
1763991454564,6.397328,272.309692,1.176633,-0.386340,-0.027128,0.999638,-0.001016,121.565184,25.069137,0.000109,213.664429,0.000000,752.905048,0.000000,0.000000,0.000000,0.000002,0.021382,-0.008523,-0.048608,274.894135,0.000000,-0.000972,1.000000,0.000000,0.000109,0.090561
1763991454643,6.397328,272.309692,1.176561,-0.386306,-0.026975,0.999618,-0.001020,121.565184,25.069137,0.000186,213.664405,0.000000,752.917434,0.000000,0.000000,0.000000,0.000002,0.025927,-0.014836,-0.031203,274.897797,0.000000,-0.008897,1.000000,0.000000,0.000186,0.090561
1763991454761,6.397328,272.309692,1.176658,-0.386256,-0.027082,0.999617,-0.001027,121.565184,25.069137,0.000354,213.663920,0.000000,752.947450,0.000000,0.000000,0.000000,0.000002,0.019450,-0.021332,0.103370,274.903107,0.000000,0.016888,1.000000,0.000000,0.000354,0.090560
1763991454866,6.397325,272.309692,1.176910,-0.386263,-0.027095,0.999634,-0.001037,121.565184,25.069137,0.000302,213.663169,0.000000,752.958014,0.000000,0.000000,0.000000,0.000001,-0.012092,-0.015924,0.150663,274.907928,0.000000,0.013837,1.000000,0.000000,0.000302,0.090559
1763991454949,6.397324,272.309692,1.177099,-0.386281,-0.027100,0.999644,-0.001040,121.565184,25.069137,0.000310,213.662661,0.000000,752.960928,0.000000,0.000000,0.000000,0.000000,-0.010225,-0.006917,0.110433,274.911713,0.000000,0.014886,1.000000,0.000000,0.000310,0.090557
1763991455046,6.397324,272.309692,1.177173,-0.386283,-0.027222,0.999645,-0.001037,121.565184,25.069137,0.000089,213.662297,0.000000,752.952914,0.000000,0.000000,0.000000,-0.000001,0.003549,-0.000037,-0.011580,274.916046,0.000000,-0.000188,1.000000,0.000000,0.000089,0.090557
1763991455172,6.397325,272.309692,1.176943,-0.386276,-0.027045,0.999631,-0.001033,121.565184,25.069137,0.000228,213.662297,0.000000,752.943006,0.000000,0.000000,0.000000,-0.000002,-0.002501,0.001301,-0.141321,274.921600,0.000000,-0.001052,1.000000,0.000000,0.000228,0.090559
1763991455269,6.397327,272.309692,1.176739,-0.386271,-0.027045,0.999630,-0.001026,121.565184,25.069137,0.000165,213.662322,0.000000,752.945629,0.000000,0.000000,0.000000,-0.000001,0.001828,-0.001753,-0.101566,274.926117,0.000000,-0.000930,1.000000,0.000000,0.000165,0.090560
1763991455379,6.397328,272.309692,1.176661,-0.386256,-0.027050,0.999623,-0.001016,121.565184,25.069137,0.000092,213.662152,0.000000,752.963187,0.000000,0.000000,0.000000,-0.000000,0.003083,-0.013848,-0.008786,274.931122,0.000000,-0.004460,1.000000,0.000000,0.000092,0.090561
1763991455480,6.397328,272.309662,1.176705,-0.386261,-0.027004,0.999622,-0.001012,121.565184,25.069137,0.000363,213.661643,0.000000,752.983732,0.000000,0.000000,0.000000,0.000000,-0.005572,-0.018084,0.056642,274.935944,0.000000,0.017893,1.000000,0.000000,0.000363,0.090560
1763991455582,6.397326,272.309631,1.176926,-0.386277,-0.027016,0.999622,-0.001011,121.565184,25.069137,0.000494,213.660917,0.000000,753.005734,0.000000,0.000000,0.000000,0.000000,-0.008620,-0.018495,0.169223,274.940521,0.000000,0.023357,1.000000,0.000000,0.000494,0.090559
1763991455645,6.397324,272.309631,1.177157,-0.386275,-0.027085,0.999627,-0.001009,121.565184,25.069137,0.000603,213.660238,0.000000,753.026352,0.000000,0.000000,0.000000,-0.000000,0.005648,-0.021450,0.213923,274.943634,0.000000,0.028587,1.000000,0.000000,0.000603,0.090557
1763991455759,6.397320,272.309601,1.177564,-0.386289,-0.027141,0.999639,-0.001018,121.565184,25.069137,0.000250,213.658882,0.000000,753.041871,0.000000,0.000000,0.000000,-0.000002,-0.010157,-0.013441,0.152637,274.949249,0.000000,0.011160,1.000000,0.000000,0.000250,0.090553
1763991455843,6.397319,272.309601,1.177676,-0.386311,-0.027191,0.999647,-0.001030,121.565184,25.069137,0.000157,213.658228,0.000000,753.032982,0.000000,0.000000,0.000000,-0.000003,-0.016964,0.003197,0.025990,274.953217,0.000000,0.000557,1.000000,0.000000,0.000157,0.090552
1763991455963,6.397319,272.309601,1.177631,-0.386346,-0.027127,0.999626,-0.001040,121.565184,25.069137,0.000241,213.657937,0.000000,753.017828,0.000000,0.000000,0.000000,-0.000005,-0.019085,0.019241,-0.031758,274.958710,0.000000,0.000099,1.000000,0.000000,0.000241,0.090552
1763991456055,6.397319,272.309662,1.177582,-0.386363,-0.027104,0.999625,-0.001039,121.565184,25.069137,0.000226,213.658034,0.000000,753.007774,0.000000,0.000000,0.000000,-0.000005,-0.009399,0.023085,-0.028099,274.962616,0.000000,0.000096,1.000000,0.000000,0.000226,0.090552
1763991456144,6.397319,272.309692,1.177567,-0.386373,-0.027140,0.999636,-0.001033,121.565184,25.069137,0.000274,213.658301,0.000000,752.997866,0.000000,0.000000,0.000000,-0.000005,-0.008929,0.018851,-0.013787,274.967072,0.000000,0.000237,1.000000,0.000000,0.000274,0.090552
1763991456253,6.397320,272.309692,1.177435,-0.386407,-0.027124,0.999646,-0.001030,121.565184,25.069137,0.000505,213.658955,0.000000,752.964717,0.000000,0.000000,0.000000,-0.000005,-0.018788,0.020265,-0.117671,274.972015,0.000000,-0.000686,1.000000,0.000000,0.000505,0.090553
1763991456353,6.397322,272.309723,1.177140,-0.386433,-0.027120,0.999634,-0.001024,121.565184,25.069137,0.000582,213.660045,0.000000,752.932150,0.000000,0.000000,0.000000,-0.000005,-0.012778,0.021324,-0.189777,274.976593,0.000000,-0.001397,1.000000,0.000000,0.000582,0.090555
1763991456452,6.397325,272.309753,1.176824,-0.386441,-0.027047,0.999629,-0.001017,121.565184,25.069137,0.000570,213.661159,0.000000,752.907671,0.000000,0.000000,0.000000,-0.000003,-0.000490,0.017905,-0.213496,274.980499,0.000000,-0.001596,1.000000,0.000000,0.000570,0.090558
1763991456544,6.397327,272.309753,1.176511,-0.386407,-0.027017,0.999621,-0.001003,121.565184,25.069137,0.000241,213.662394,0.000000,752.904830,0.000000,0.000000,0.000000,-0.000001,0.035782,-0.000219,-0.143401,274.984863,0.000000,-0.001229,1.000000,0.000000,0.000241,0.090560
1763991456678,6.397328,272.309723,1.176453,-0.386363,-0.027049,0.999625,-0.001003,121.565184,25.069137,0.000128,213.663145,0.000000,752.922169,0.000000,0.000000,0.000000,0.000001,0.011124,-0.022662,0.033363,274.990845,0.000000,0.006339,1.000000,0.000000,0.000128,0.090561
1763991456771,6.397327,272.309662,1.176552,-0.386363,-0.027123,0.999616,-0.001011,121.565184,25.069137,0.000152,213.663266,0.000000,752.925229,0.000000,0.000000,0.000000,0.000002,-0.007032,-0.021750,0.088431,274.995117,0.000000,0.006939,1.000000,0.000000,0.000152,0.090560
1763991456862,6.397326,272.309662,1.176726,-0.386373,-0.027039,0.999634,-0.001017,121.565184,25.069137,0.000240,213.663363,0.000000,752.924209,0.000000,0.000000,0.000000,0.000003,-0.004549,-0.004993,0.121386,274.999146,0.000000,0.010827,1.000000,0.000000,0.000240,0.090559
1763991456948,6.397325,272.309662,1.176899,-0.386374,-0.027112,0.999642,-0.001027,121.565184,25.069137,0.000204,213.663484,0.000000,752.921805,0.000000,0.000000,0.000000,0.000002,-0.000529,-0.002118,0.088917,275.003296,0.000000,0.009831,1.000000,0.000000,0.000204,0.090558
1763991457051,6.397325,272.309662,1.176917,-0.386347,-0.027129,0.999650,-0.001029,121.565184,25.069137,0.000135,213.663727,0.000000,752.910877,0.000000,0.000000,0.000000,0.000002,0.027461,0.000914,-0.068940,275.007874,0.000000,-0.001006,1.000000,0.000000,0.000135,0.090558
1763991457166,6.397328,272.309662,1.176681,-0.386281,-0.027076,0.999626,-0.001031,121.565184,25.069137,0.000181,213.663993,0.000000,752.913208,0.000000,0.000000,0.000000,0.000002,0.031532,-0.006602,-0.134239,275.012878,0.000000,-0.001302,1.000000,0.000000,0.000181,0.090560
1763991457258,6.397329,272.309662,1.176556,-0.386253,-0.026974,0.999615,-0.001035,121.565184,25.069137,0.000139,213.664017,0.000000,752.926103,0.000000,0.000000,0.000000,0.000003,0.011213,-0.009478,-0.023688,275.017151,0.000000,-0.006689,1.000000,0.000000,0.000139,0.090562
1763991457339,6.397328,272.309662,1.176628,-0.386249,-0.027006,0.999612,-0.001036,121.565184,25.069137,0.000400,213.663751,0.000000,752.941403,0.000000,0.000000,0.000000,0.000003,-0.003653,-0.008118,0.101081,275.020996,0.000000,0.019426,1.000000,0.000000,0.000400,0.090561
1763991457450,6.397326,272.309662,1.176906,-0.386258,-0.027105,0.999635,-0.001028,121.565184,25.069137,0.000448,213.663194,0.000000,752.956266,0.000000,0.000000,0.000000,0.000003,-0.001757,-0.005729,0.152279,275.025818,0.000000,0.021491,1.000000,0.000000,0.000448,0.090559
1763991457566,6.397324,272.309662,1.177184,-0.386262,-0.027117,0.999636,-0.001018,121.565184,25.069137,0.000268,213.662491,0.000000,752.968870,0.000000,0.000000,0.000000,0.000002,-0.002309,-0.010308,0.123336,275.031128,0.000000,0.012408,1.000000,0.000000,0.000268,0.090557
1763991457652,6.397323,272.309692,1.177333,-0.386268,-0.027107,0.999634,-0.001015,121.565184,25.069137,0.000231,213.661910,0.000000,752.979361,0.000000,0.000000,0.000000,0.000001,-0.006665,-0.012534,0.087386,275.035034,0.000000,0.010927,1.000000,0.000000,0.000231,0.090556
1763991457765,6.397322,272.309692,1.177429,-0.386274,-0.027184,0.999636,-0.001016,121.565184,25.069137,0.000045,213.661159,0.000000,752.986428,0.000000,0.000000,0.000000,-0.000001,-0.006982,-0.012145,0.010196,275.040283,0.000000,0.000082,1.000000,0.000000,0.000045,0.090555
1763991457857,6.397322,272.309692,1.177372,-0.386294,-0.027021,0.999639,-0.001022,121.565184,25.069137,0.000111,213.660771,0.000000,752.981692,0.000000,0.000000,0.000000,-0.000001,-0.002475,-0.007988,-0.055763,275.044678,0.000000,-0.000252,1.000000,0.000000,0.000111,0.090555
1763991457966,6.397323,272.309662,1.177227,-0.386288,-0.027093,0.999635,-0.001028,121.565184,25.069137,0.000182,213.660553,0.000000,752.981109,0.000000,0.000000,0.000000,-0.000002,0.006692,-0.002767,-0.095526,275.049622,0.000000,-0.000846,1.000000,0.000000,0.000182,0.090557
1763991458049,6.397325,272.309662,1.177063,-0.386281,-0.027170,0.999626,-0.001032,121.565184,25.069137,0.000349,213.660481,0.000000,752.974552,0.000000,0.000000,0.000000,-0.000002,0.000259,-0.000989,-0.124992,275.053345,0.000000,-0.000836,1.000000,0.000000,0.000349,0.090558
1763991458160,6.397326,272.309662,1.176862,-0.386278,-0.027005,0.999629,-0.001033,121.565184,25.069137,0.000092,213.660481,0.000000,752.975645,0.000000,0.000000,0.000000,-0.000001,0.005021,-0.000084,-0.091261,275.058105,0.000000,-0.000818,1.000000,0.000000,0.000092,0.090559
1763991458277,6.397327,272.309662,1.176801,-0.386286,-0.027064,0.999625,-0.001032,121.565184,25.069137,0.000153,213.660384,0.000000,752.982129,0.000000,0.000000,0.000000,0.000000,-0.005518,0.004153,-0.001568,275.063354,0.000000,-0.007260,1.000000,0.000000,0.000153,0.090560
1763991458345,6.397328,272.309662,1.176816,-0.386291,-0.027057,0.999625,-0.001026,121.565184,25.069137,0.000230,213.660238,0.000000,752.987229,0.000000,0.000000,0.000000,0.000001,-0.005888,0.005172,0.021335,275.066986,0.000000,-0.011336,1.000000,0.000000,0.000230,0.090560
1763991458472,6.397328,272.309662,1.176885,-0.386289,-0.027096,0.999626,-0.001015,121.565184,25.069137,0.000265,213.659875,0.000000,753.002893,0.000000,0.000000,0.000000,0.000002,-0.000062,-0.000129,0.039691,275.072845,0.000000,-0.013204,1.000000,0.000000,0.000265,0.090560
1763991458574,6.397328,272.309662,1.176921,-0.386278,-0.027058,0.999634,-0.001010,121.565184,25.069137,0.000241,213.659415,0.000000,753.017537,0.000000,0.000000,0.000000,0.000002,0.006979,-0.006355,0.006214,275.077484,0.000000,-0.011749,1.000000,0.000000,0.000241,0.090561
1763991458670,6.397327,272.309662,1.177014,-0.386275,-0.027056,0.999612,-0.001011,121.565184,25.069137,0.000418,213.658712,0.000000,753.043765,0.000000,0.000000,0.000000,0.000002,-0.002643,-0.012304,0.104128,275.082001,0.000000,0.020167,1.000000,0.000000,0.000418,0.090560
1763991458765,6.397325,272.309692,1.177285,-0.386283,-0.027072,0.999623,-0.001013,121.565184,25.069137,0.000513,213.657768,0.000000,753.069046,0.000000,0.000000,0.000000,0.000002,-0.002353,-0.014778,0.197997,275.086334,0.000000,0.024034,1.000000,0.000000,0.000513,0.090558
1763991458862,6.397321,272.309662,1.177660,-0.386270,-0.027155,0.999634,-0.001014,121.565184,25.069137,0.000499,213.656484,0.000000,753.099062,0.000000,0.000000,0.000000,0.000000,0.011842,-0.021367,0.230639,275.090851,0.000000,0.023055,1.000000,0.000000,0.000499,0.090554
1763991458961,6.397319,272.309601,1.177967,-0.386249,-0.027197,0.999651,-0.001021,121.565184,25.069137,0.000202,213.655079,0.000000,753.118806,0.000000,0.000000,0.000000,-0.000002,0.017255,-0.012427,0.109650,275.095612,0.000000,0.009044,1.000000,0.000000,0.000202,0.090551
1763991459063,6.397319,272.309601,1.177925,-0.386233,-0.027233,0.999650,-0.001038,121.565184,25.069137,0.000372,213.653940,0.000000,753.116475,0.000000,0.000000,0.000000,-0.000004,0.006266,-0.000880,-0.107133,275.100433,0.000000,-0.000828,1.000000,0.000000,0.000372,0.090552
1763991459154,6.397321,272.309601,1.177650,-0.386214,-0.026980,0.999628,-0.001045,121.565184,25.069137,0.000286,213.653286,0.000000,753.120336,0.000000,0.000000,0.000000,-0.000004,0.010845,0.004772,-0.170632,275.104828,0.000000,-0.001241,1.000000,0.000000,0.000286,0.090554
1763991459251,6.397323,272.309601,1.177453,-0.386206,-0.027108,0.999613,-0.001049,121.565184,25.069137,0.000233,213.652705,0.000000,753.128860,0.000000,0.000000,0.000000,-0.000004,0.001530,0.010109,-0.083153,275.109039,0.000000,-0.000567,1.000000,0.000000,0.000233,0.090556
1763991459342,6.397323,272.309601,1.177408,-0.386228,-0.027076,0.999616,-0.001049,121.565184,25.069137,0.000116,213.652148,0.000000,753.133668,0.000000,0.000000,0.000000,-0.000003,-0.024830,0.015818,0.013917,275.113434,0.000000,0.000784,1.000000,0.000000,0.000116,0.090556
1763991459455,6.397322,272.309601,1.177461,-0.386246,-0.027181,0.999634,-0.001029,121.565184,25.069137,0.000158,213.651639,0.000000,753.140662,0.000000,0.000000,0.000000,-0.000002,-0.004478,0.003500,0.031998,275.118805,0.000000,0.007084,1.000000,0.000000,0.000158,0.090555
1763991459543,6.397323,272.309601,1.177442,-0.386252,-0.027269,0.999647,-0.001015,121.565184,25.069137,0.000372,213.651300,0.000000,753.134907,0.000000,0.000000,0.000000,-0.000002,-0.006189,0.005819,-0.058521,275.122711,0.000000,-0.000324,1.000000,0.000000,0.000372,0.090556
1763991459654,6.397325,272.309601,1.177192,-0.386245,-0.027078,0.999627,-0.001005,121.565184,25.069137,0.000273,213.651106,0.000000,753.140662,0.000000,0.000000,0.000000,-0.000001,0.003848,-0.002277,-0.134181,275.128021,0.000000,-0.000995,1.000000,0.000000,0.000273,0.090558
1763991459775,6.397325,272.309601,1.177081,-0.386255,-0.027017,0.999599,-0.001004,121.565184,25.069137,0.000056,213.650719,0.000000,753.162155,0.000000,0.000000,0.000000,-0.000000,-0.012953,-0.009470,0.044340,275.133453,0.000000,0.002106,1.000000,0.000000,0.000056,0.090558
1763991459864,6.397323,272.309601,1.177305,-0.386299,-0.027073,0.999626,-0.001012,121.565184,25.069137,0.000298,213.650137,0.000000,753.174395,0.000000,0.000000,0.000000,0.000000,-0.022969,-0.003054,0.188503,275.137726,0.000000,0.013149,1.000000,0.000000,0.000298,0.090556
1763991459938,6.397320,272.309601,1.177566,-0.386326,-0.027149,0.999638,-0.001019,121.565184,25.069137,0.000272,213.649653,0.000000,753.177309,0.000000,0.000000,0.000000,-0.000000,-0.022792,0.001266,0.182801,275.141327,0.000000,0.012086,1.000000,0.000000,0.000272,0.090553
1763991460036,6.397319,272.309601,1.177748,-0.386340,-0.027283,0.999643,-0.001025,121.565184,25.069137,0.000240,213.649314,0.000000,753.162519,0.000000,0.000000,0.000000,-0.000002,-0.002418,0.006785,0.044162,275.145844,0.000000,0.000585,1.000000,0.000000,0.000240,0.090552
1763991460162,6.397319,272.309601,1.177669,-0.386340,-0.027150,0.999639,-0.001034,121.565184,25.069137,0.000405,213.649508,0.000000,753.142265,0.000000,0.000000,0.000000,-0.000003,-0.000513,0.011043,-0.082781,275.151520,0.000000,-0.000480,1.000000,0.000000,0.000405,0.090552
1763991460238,6.397320,272.309601,1.177522,-0.386331,-0.027090,0.999634,-0.001034,121.565184,25.069137,0.000409,213.649871,0.000000,753.131483,0.000000,0.000000,0.000000,-0.000003,0.010863,0.011290,-0.124063,275.154938,0.000000,-0.000795,1.000000,0.000000,0.000409,0.090553
1763991460357,6.397322,272.309601,1.177313,-0.386330,-0.027080,0.999632,-0.001038,121.565184,25.069137,0.000330,213.650476,0.000000,753.116183,0.000000,0.000000,0.000000,-0.000002,-0.002037,0.015896,-0.087583,275.160187,0.000000,-0.000592,1.000000,0.000000,0.000330,0.090555
1763991460440,6.397324,272.309601,1.177139,-0.386324,-0.027116,0.999639,-0.001036,121.565184,25.069137,0.000342,213.651058,0.000000,753.101248,0.000000,0.000000,0.000000,-0.000002,0.002980,0.019990,-0.140397,275.164032,0.000000,-0.001358,1.000000,0.000000,0.000342,0.090557
1763991460551,6.397327,272.309631,1.176774,-0.386325,-0.027060,0.999628,-0.001028,121.565184,25.069137,0.000492,213.652027,0.000000,753.072834,0.000000,0.000000,0.000000,0.000000,-0.005195,0.022151,-0.209216,275.169037,0.000000,-0.001716,1.000000,0.000000,0.000492,0.090560
1763991460657,6.397330,272.309692,1.176449,-0.386327,-0.027014,0.999615,-0.001019,121.565184,25.069137,0.000232,213.653093,0.000000,753.061906,0.000000,0.000000,0.000000,0.000002,0.003452,0.004019,-0.128263,275.173798,0.000000,-0.001487,1.000000,0.000000,0.000232,0.090563
1763991460753,6.397332,272.309692,1.176320,-0.386322,-0.027041,0.999615,-0.001012,121.565184,25.069137,0.000097,213.653819,0.000000,753.063654,0.000000,0.000000,0.000000,0.000004,-0.000386,-0.000353,-0.034684,275.178131,0.000000,-0.003406,1.000000,0.000000,0.000097,0.090565
1763991460860,6.397332,272.309692,1.176319,-0.386329,-0.027046,0.999626,-0.001008,121.565184,25.069137,0.000151,213.654255,0.000000,753.064529,0.000000,0.000000,0.000000,0.000006,-0.004029,-0.002889,0.017391,275.182587,0.000000,-0.007428,1.000000,0.000000,0.000151,0.090565
1763991460944,6.397332,272.309692,1.176387,-0.386336,-0.027032,0.999622,-0.001007,121.565184,25.069137,0.000277,213.654473,0.000000,753.068900,0.000000,0.000000,0.000000,0.000007,-0.006300,-0.005375,0.067087,275.186554,0.000000,0.013510,1.000000,0.000000,0.000277,0.090565
1763991461047,6.397330,272.309692,1.176582,-0.386334,-0.027043,0.999619,-0.001007,121.565184,25.069137,0.000421,213.654498,0.000000,753.081722,0.000000,0.000000,0.000000,0.000007,0.007817,-0.010486,0.138740,275.191315,0.000000,0.020037,1.000000,0.000000,0.000421,0.090563
1763991461151,6.397328,272.309662,1.176871,-0.386296,-0.027110,0.999632,-0.001008,121.565184,25.069137,0.000498,213.654110,0.000000,753.106930,0.000000,0.000000,0.000000,0.000006,0.027061,-0.022461,0.170532,275.195953,0.000000,0.023713,1.000000,0.000000,0.000498,0.090561
1763991461270,6.397325,272.309601,1.177220,-0.386266,-0.027106,0.999634,-0.001023,121.565184,25.069137,0.000502,213.653238,0.000000,753.133231,0.000000,0.000000,0.000000,0.000004,0.014069,-0.022738,0.170053,275.201324,0.000000,0.023999,1.000000,0.000000,0.000502,0.090558
1763991461385,6.397323,272.309509,1.177510,-0.386234,-0.027082,0.999630,-0.001031,121.565184,25.069137,0.000523,213.652196,0.000000,753.158439,0.000000,0.000000,0.000000,0.000002,0.017249,-0.018102,0.153693,275.206146,0.000000,0.025053,1.000000,0.000000,0.000523,0.090556
1763991461459,6.397321,272.309509,1.177708,-0.386214,-0.027161,0.999634,-0.001036,121.565184,25.069137,0.000328,213.651324,0.000000,753.171917,0.000000,0.000000,0.000000,0.000000,0.013357,-0.011184,0.136140,275.209747,0.000000,0.015351,1.000000,0.000000,0.000328,0.090554
1763991461566,6.397321,272.309509,1.177818,-0.386202,-0.027181,0.999660,-0.001046,121.565184,25.069137,0.000064,213.650283,0.000000,753.175924,0.000000,0.000000,0.000000,-0.000002,0.007184,0.003514,-0.020436,275.214752,0.000000,-0.001813,1.000000,0.000000,0.000064,0.090554
1763991461684,6.397322,272.309540,1.177677,-0.386191,-0.027096,0.999628,-0.001046,121.565184,25.069137,0.000187,213.649556,0.000000,753.178256,0.000000,0.000000,0.000000,-0.000003,0.001369,0.015130,-0.075270,275.220123,0.000000,-0.000362,1.000000,0.000000,0.000187,0.090555
1763991461750,6.397322,272.309540,1.177632,-0.386180,-0.026992,0.999619,-0.001038,121.565184,25.069137,0.000145,213.649144,0.000000,753.195158,0.000000,0.000000,0.000000,-0.000003,0.006989,0.009509,0.000235,275.223419,0.000000,0.007130,1.000000,0.000000,0.000145,0.090555
1763991461847,6.397321,272.309540,1.177771,-0.386190,-0.027112,0.999617,-0.001032,121.565184,25.069137,0.000369,213.648248,0.000000,753.220366,0.000000,0.000000,0.000000,-0.000003,-0.013535,0.007174,0.133977,275.227631,0.000000,0.017450,1.000000,0.000000,0.000369,0.090554
1763991461953,6.397319,272.309540,1.177947,-0.386219,-0.027240,0.999650,-0.001021,121.565184,25.069137,0.000273,213.647352,0.000000,753.215121,0.000000,0.000000,0.000000,-0.000004,-0.014922,0.011309,0.025090,275.232574,0.000000,0.000584,1.000000,0.000000,0.000273,0.090552
1763991462056,6.397321,272.309540,1.177763,-0.386214,-0.027220,0.999653,-0.001014,121.565184,25.069137,0.000547,213.646964,0.000000,753.208127,0.000000,0.000000,0.000000,-0.000005,0.007071,0.007647,-0.193378,275.237091,0.000000,-0.001551,1.000000,0.000000,0.000547,0.090554
1763991462154,6.397325,272.309540,1.177239,-0.386214,-0.027129,0.999632,-0.001021,121.565184,25.069137,0.000751,213.646891,0.000000,753.194721,0.000000,0.000000,0.000000,-0.000004,-0.002699,0.011745,-0.325264,275.241791,0.000000,-0.002546,1.000000,0.000000,0.000751,0.090559
1763991462244,6.397329,272.309540,1.176775,-0.386215,-0.026891,0.999613,-0.001025,121.565184,25.069137,0.000290,213.647013,0.000000,753.199165,0.000000,0.000000,0.000000,-0.000002,-0.002754,0.012213,-0.235923,275.245941,0.000000,-0.001889,1.000000,0.000000,0.000290,0.090562
1763991462360,6.397330,272.309540,1.176666,-0.386224,-0.026956,0.999603,-0.001024,121.565184,25.069137,0.000477,213.646673,0.000000,753.230275,0.000000,0.000000,0.000000,0.000001,-0.008273,0.010001,0.081359,275.251190,0.000000,0.023553,1.000000,0.000000,0.000477,0.090563
1763991462466,6.397329,272.309540,1.176932,-0.386245,-0.027134,0.999616,-0.001023,121.565184,25.069137,0.000626,213.645922,0.000000,753.249436,0.000000,0.000000,0.000000,0.000003,-0.013275,0.014061,0.189362,275.255829,0.000000,0.030283,1.000000,0.000000,0.000626,0.090561
1763991462572,6.397326,272.309631,1.177261,-0.386281,-0.027133,0.999636,-0.001019,121.565184,25.069137,0.000246,213.645196,0.000000,753.248707,0.000000,0.000000,0.000000,0.000003,-0.021001,0.019127,0.152470,275.260834,0.000000,0.011058,1.000000,0.000000,0.000246,0.090559
1763991462690,6.397323,272.309662,1.177573,-0.386311,-0.027056,0.999627,-0.001013,121.565184,25.069137,0.000460,213.644614,0.000000,753.263497,0.000000,0.000000,0.000000,0.000002,-0.010971,0.011591,0.181663,275.266022,0.000000,0.021500,1.000000,0.000000,0.000460,0.090556
1763991462780,6.397320,272.309662,1.177858,-0.386311,-0.027204,0.999631,-0.001010,121.565184,25.069137,0.000225,213.644106,0.000000,753.273332,0.000000,0.000000,0.000000,0.000000,-0.000443,0.001082,0.184248,275.269928,0.000000,0.009400,1.000000,0.000000,0.000225,0.090553
1763991462865,6.397318,272.309662,1.178073,-0.386327,-0.027155,0.999646,-0.001018,121.565184,25.069137,0.000123,213.643597,0.000000,753.271074,0.000000,0.000000,0.000000,-0.000002,-0.004209,-0.000541,0.095397,275.274261,0.000000,0.001802,1.000000,0.000000,0.000123,0.090551
1763991462960,6.397318,272.309662,1.178114,-0.386290,-0.027141,0.999648,-0.001015,121.565184,25.069137,0.000149,213.643282,0.000000,753.278578,0.000000,0.000000,0.000000,-0.000003,0.027195,-0.011556,-0.013161,275.278229,0.000000,-0.000019,1.000000,0.000000,0.000149,0.090550
1763991463086,6.397321,272.309631,1.177760,-0.386238,-0.027205,0.999646,-0.001038,121.565184,25.069137,0.000779,213.642919,0.000000,753.263424,0.000000,0.000000,0.000000,-0.000004,0.022742,-0.008757,-0.252172,275.284546,0.000000,-0.001944,1.000000,0.000000,0.000779,0.090554
1763991463168,6.397324,272.309631,1.177403,-0.386227,-0.027011,0.999626,-0.001047,121.565184,25.069137,0.000688,213.643016,0.000000,753.254463,0.000000,0.000000,0.000000,-0.000004,0.005470,-0.000293,-0.274738,275.287872,0.000000,-0.001855,1.000000,0.000000,0.000688,0.090557
1763991463304,6.397327,272.309631,1.177009,-0.386203,-0.026884,0.999614,-0.001046,121.565184,25.069137,0.000105,213.643209,0.000000,753.267212,0.000000,0.000000,0.000000,-0.000001,0.001940,0.001194,-0.066954,275.294037,0.000000,-0.004598,1.000000,0.000000,0.000105,0.090559
1763991463402,6.397326,272.309631,1.177091,-0.386221,-0.027062,0.999621,-0.001038,121.565184,25.069137,0.000246,213.643064,0.000000,753.272531,0.000000,0.000000,0.000000,0.000000,-0.008759,0.007173,0.079639,275.298615,0.000000,0.011750,1.000000,0.000000,0.000246,0.090559
1763991463505,6.397325,272.309631,1.177226,-0.386217,-0.027105,0.999632,-0.001020,121.565184,25.069137,0.000258,213.642822,0.000000,753.282585,0.000000,0.000000,0.000000,0.000001,-0.005191,0.001218,0.075929,275.303192,0.000000,0.012494,1.000000,0.000000,0.000258,0.090559
1763991463608,6.397325,272.309631,1.177313,-0.386233,-0.027037,0.999644,-0.001010,121.565184,25.069137,0.000239,213.642531,0.000000,753.287830,0.000000,0.000000,0.000000,0.000001,-0.012109,-0.004595,0.033581,275.307831,0.000000,0.011827,1.000000,0.000000,0.000239,0.090558
1763991463686,6.397324,272.309631,1.177402,-0.386265,-0.027104,0.999626,-0.001008,121.565184,25.069137,0.000239,213.642168,0.000000,753.295043,0.000000,0.000000,0.000000,0.000001,-0.018466,-0.004404,0.062332,275.312164,0.000000,0.011713,1.000000,0.000000,0.000239,0.090557
1763991463762,6.397324,272.309631,1.177491,-0.386297,-0.027135,0.999624,-0.001010,121.565184,25.069137,0.000162,213.641901,0.000000,753.295480,0.000000,0.000000,0.000000,0.000001,-0.026979,0.000393,0.075739,275.315399,0.000000,0.007634,1.000000,0.000000,0.000162,0.090557
1763991463865,6.397323,272.309631,1.177606,-0.386335,-0.027077,0.999637,-0.001012,121.565184,25.069137,0.000095,213.641732,0.000000,753.289287,0.000000,0.000000,0.000000,0.000000,-0.008100,0.003921,0.042615,275.320465,0.000000,0.004243,1.000000,0.000000,0.000095,0.090556
1763991463962,6.397322,272.309631,1.177695,-0.386328,-0.027152,0.999626,-0.001014,121.565184,25.069137,0.000118,213.641611,0.000000,753.295990,0.000000,0.000000,0.000000,-0.000000,0.005511,-0.003145,0.064704,275.325043,0.000000,0.005064,1.000000,0.000000,0.000118,0.090555
1763991464048,6.397321,272.309631,1.177784,-0.386322,-0.027154,0.999627,-0.001023,121.565184,25.069137,0.000121,213.641441,0.000000,753.300871,0.000000,0.000000,0.000000,-0.000001,0.001245,-0.003262,0.061399,275.329132,0.000000,0.005343,1.000000,0.000000,0.000121,0.090554
1763991464160,6.397320,272.309631,1.177899,-0.386326,-0.027143,0.999632,-0.001033,121.565184,25.069137,0.000090,213.641199,0.000000,753.299924,0.000000,0.000000,0.000000,-0.000002,-0.007203,0.002665,0.052612,275.334137,0.000000,0.003073,1.000000,0.000000,0.000090,0.090553
1763991464252,6.397319,272.309631,1.177974,-0.386341,-0.027129,0.999632,-0.001037,121.565184,25.069137,0.000124,213.641199,0.000000,753.288122,0.000000,0.000000,0.000000,-0.000003,-0.006569,0.010752,0.042007,275.338287,0.000000,0.000738,1.000000,0.000000,0.000124,0.090552
1763991464368,6.397318,272.309631,1.178044,-0.386354,-0.027192,0.999643,-0.001036,121.565184,25.069137,0.000270,213.641465,0.000000,753.270491,0.000000,0.000000,0.000000,-0.000004,-0.005953,0.014507,0.012259,275.343536,0.000000,0.000413,1.000000,0.000000,0.000270,0.090550
1763991464466,6.397318,272.309631,1.177925,-0.386350,-0.027200,0.999649,-0.001030,121.565184,25.069137,0.000635,213.642047,0.000000,753.242660,0.000000,0.000000,0.000000,-0.000004,0.002466,0.016354,-0.140410,275.347565,0.000000,-0.000815,1.000000,0.000000,0.000635,0.090551
1763991464599,6.397323,272.309662,1.177406,-0.386330,-0.027038,0.999631,-0.001026,121.565184,25.069137,0.000752,213.643452,0.000000,753.209948,0.000000,0.000000,0.000000,-0.000003,0.006883,0.014899,-0.263858,275.353241,0.000000,-0.001857,1.000000,0.000000,0.000752,0.090556
1763991464680,6.397326,272.309692,1.177008,-0.386316,-0.027004,0.999625,-0.001023,121.565184,25.069137,0.000478,213.644518,0.000000,753.198218,0.000000,0.000000,0.000000,-0.000001,0.008427,0.008740,-0.224862,275.357391,0.000000,-0.001738,1.000000,0.000000,0.000478,0.090559
1763991464753,6.397328,272.309692,1.176795,-0.386308,-0.027037,0.999604,-0.001021,121.565184,25.069137,0.000219,213.645220,0.000000,753.195814,0.000000,0.000000,0.000000,0.000000,-0.000012,0.000621,-0.110688,275.360626,0.000000,-0.000849,1.000000,0.000000,0.000219,0.090561
1763991464871,6.397327,272.309692,1.176822,-0.386323,-0.027018,0.999612,-0.001015,121.565184,25.069137,0.000146,213.645922,0.000000,753.195085,0.000000,0.000000,0.000000,0.000002,-0.010113,-0.007075,0.090322,275.365448,0.000000,0.006301,1.000000,0.000000,0.000146,0.090560
1763991464972,6.397325,272.309692,1.177061,-0.386333,-0.027141,0.999631,-0.001010,121.565184,25.069137,0.000236,213.646407,0.000000,753.194357,0.000000,0.000000,0.000000,0.000003,-0.006246,-0.014921,0.133251,275.370453,0.000000,0.010912,1.000000,0.000000,0.000236,0.090558
1763991465075,6.397324,272.309692,1.177195,-0.386342,-0.027123,0.999645,-0.001011,121.565184,25.069137,0.000043,213.646843,0.000000,753.178402,0.000000,0.000000,0.000000,0.000003,-0.004121,-0.015175,0.026065,275.374908,0.000000,0.000479,1.000000,0.000000,0.000043,0.090557
1763991465164,6.397325,272.309662,1.177154,-0.386341,-0.027130,0.999634,-0.001018,121.565184,25.069137,0.000159,213.647424,0.000000,753.162228,0.000000,0.000000,0.000000,0.000002,0.002148,-0.011040,-0.051861,275.379059,0.000000,-0.000496,1.000000,0.000000,0.000159,0.090558
1763991465252,6.397326,272.309662,1.177074,-0.386325,-0.027070,0.999632,-0.001022,121.565184,25.069137,0.000121,213.648006,0.000000,753.154796,0.000000,0.000000,0.000000,0.000002,0.013120,-0.011260,-0.053812,275.382782,0.000000,-0.000553,1.000000,0.000000,0.000121,0.090559
1763991465365,6.397327,272.309662,1.176974,-0.386301,-0.027049,0.999623,-0.001029,121.565184,25.069137,0.000080,213.648781,0.000000,753.145471,0.000000,0.000000,0.000000,0.000003,0.012758,-0.002451,-0.033601,275.387787,0.000000,-0.000661,1.000000,0.000000,0.000080,0.090559
1763991465447,6.397327,272.309662,1.176926,-0.386289,-0.027056,0.999633,-0.001035,121.565184,25.069137,0.000064,213.649265,0.000000,753.136728,0.000000,0.000000,0.000000,0.000003,0.006766,-0.001122,-0.040117,275.391449,0.000000,-0.000615,1.000000,0.000000,0.000064,0.090560
1763991465549,6.397328,272.309662,1.176891,-0.386283,-0.027052,0.999628,-0.001036,121.565184,25.069137,0.000030,213.649847,0.000000,753.125727,0.000000,0.000000,0.000000,0.000003,0.003227,-0.001045,-0.007439,275.395966,0.000000,0.000009,1.000000,0.000000,0.000030,0.090560
1763991465659,6.397327,272.309662,1.176918,-0.386271,-0.027035,0.999632,-0.001029,121.565184,25.069137,0.000103,213.650428,0.000000,753.122376,0.000000,0.000000,0.000000,0.000003,0.009955,-0.003995,0.026556,275.400543,0.000000,0.005009,1.000000,0.000000,0.000103,0.090560
1763991465747,6.397327,272.309662,1.176958,-0.386263,-0.027109,0.999631,-0.001025,121.565184,25.069137,0.000051,213.650791,0.000000,753.117932,0.000000,0.000000,0.000000,0.000003,-0.001711,-0.003385,0.015625,275.404572,0.000000,0.002108,1.000000,0.000000,0.000051,0.090560
1763991465858,6.397327,272.309662,1.176960,-0.386289,-0.027079,0.999633,-0.001024,121.565184,25.069137,0.000062,213.651348,0.000000,753.103798,0.000000,0.000000,0.000000,0.000003,-0.015450,-0.000449,0.006958,275.409393,0.000000,-0.003010,1.000000,0.000000,0.000062,0.090560
1763991465961,6.397328,272.309662,1.176954,-0.386313,-0.027098,0.999635,-0.001022,121.565184,25.069137,0.000062,213.651930,0.000000,753.091412,0.000000,0.000000,0.000000,0.000003,-0.012428,0.004217,-0.020224,275.413666,0.000000,-0.002016,1.000000,0.000000,0.000062,0.090561
1763991466049,6.397328,272.309662,1.176901,-0.386329,-0.027081,0.999625,-0.001019,121.565184,25.069137,0.000107,213.652511,0.000000,753.077351,0.000000,0.000000,0.000000,0.000003,-0.011689,0.004781,-0.043784,275.417511,0.000000,-0.000344,1.000000,0.000000,0.000107,0.090561
1763991466167,6.397329,272.309662,1.176861,-0.386338,-0.027024,0.999622,-0.001014,121.565184,25.069137,0.000179,213.653335,0.000000,753.074146,0.000000,0.000000,0.000000,0.000003,0.001444,0.001355,0.013376,275.422821,0.000000,-0.008911,1.000000,0.000000,0.000179,0.090562
1763991466249,6.397328,272.309662,1.176934,-0.386334,-0.027105,0.999626,-0.001013,121.565184,25.069137,0.000270,213.653625,0.000000,753.079027,0.000000,0.000000,0.000000,0.000003,0.003592,-0.003090,0.067804,275.426483,0.000000,0.013200,1.000000,0.000000,0.000270,0.090561
1763991466351,6.397328,272.309662,1.177059,-0.386317,-0.027099,0.999628,-0.001013,121.565184,25.069137,0.000225,213.653771,0.000000,753.084855,0.000000,0.000000,0.000000,0.000003,0.007100,-0.009305,0.071917,275.431183,0.000000,0.010845,1.000000,0.000000,0.000225,0.090560
1763991466441,6.397327,272.309662,1.177183,-0.386312,-0.027115,0.999619,-0.001018,121.565184,25.069137,0.000200,213.653722,0.000000,753.089227,0.000000,0.000000,0.000000,0.000002,-0.004721,-0.010752,0.093949,275.435211,0.000000,0.009166,1.000000,0.000000,0.000200,0.090559
1763991466553,6.397325,272.309692,1.177364,-0.386346,-0.027063,0.999633,-0.001032,121.565184,25.069137,0.000164,213.653771,0.000000,753.079610,0.000000,0.000000,0.000000,0.000001,-0.021431,-0.002084,0.083133,275.440155,0.000000,0.007352,1.000000,0.000000,0.000164,0.090558
1763991466654,6.397324,272.309692,1.177508,-0.386365,-0.027153,0.999640,-0.001033,121.565184,25.069137,0.000101,213.653989,0.000000,753.069701,0.000000,0.000000,0.000000,-0.000000,-0.005229,0.004429,0.070511,275.444611,0.000000,0.004465,1.000000,0.000000,0.000101,0.090557
1763991466745,6.397324,272.309692,1.177523,-0.386369,-0.027188,0.999651,-0.001036,121.565184,25.069137,0.000113,213.654376,0.000000,753.051998,0.000000,0.000000,0.000000,-0.000001,0.001584,0.011006,-0.039937,275.448456,0.000000,-0.000486,1.000000,0.000000,0.000113,0.090557
1763991466865,6.397327,272.309662,1.177212,-0.386332,-0.027079,0.999631,-0.001029,121.565184,25.069137,0.000298,213.655273,0.000000,753.031671,0.000000,0.000000,0.000000,-0.000001,0.022915,0.006825,-0.193235,275.453766,0.000000,-0.001656,1.000000,0.000000,0.000298,0.090559
1763991466949,6.397328,272.309662,1.177015,-0.386301,-0.026996,0.999610,-0.001022,121.565184,25.069137,0.000111,213.655757,0.000000,753.038956,0.000000,0.000000,0.000000,-0.000001,0.017939,-0.005272,-0.086006,275.457428,0.000000,-0.000723,1.000000,0.000000,0.000111,0.090561
1763991467059,6.397328,272.309662,1.177047,-0.386305,-0.026976,0.999608,-0.001020,121.565184,25.069137,0.000339,213.655902,0.000000,753.054110,0.000000,0.000000,0.000000,0.000000,-0.010799,-0.008533,0.098802,275.461823,0.000000,0.016043,1.000000,0.000000,0.000339,0.090560
1763991467176,6.397325,272.309692,1.177352,-0.386334,-0.027061,0.999636,-0.001017,121.565184,25.069137,0.000486,213.655781,0.000000,753.061469,0.000000,0.000000,0.000000,0.000000,-0.010215,-0.004295,0.157682,275.466827,0.000000,0.023323,1.000000,0.000000,0.000486,0.090558
1763991467243,6.397325,272.309692,1.177468,-0.386345,-0.027361,0.999644,-0.001017,121.565184,25.069137,0.000168,213.655733,0.000000,753.044858,0.000000,0.000000,0.000000,-0.000000,-0.007085,0.001447,0.031495,275.470245,0.000000,0.000096,1.000000,0.000000,0.000168,0.090558
1763991467385,6.397327,272.309662,1.177154,-0.386328,-0.027033,0.999635,-0.001016,121.565184,25.069137,0.000476,213.656387,0.000000,753.019213,0.000000,0.000000,0.000000,-0.000001,0.010318,-0.000249,-0.186970,275.476288,0.000000,-0.001257,1.000000,0.000000,0.000476,0.090560
1763991467463,6.397328,272.309662,1.176971,-0.386311,-0.026962,0.999613,-0.001018,121.565184,25.069137,0.000116,213.656726,0.000000,753.025770,0.000000,0.000000,0.000000,-0.000000,0.014097,-0.006666,-0.103684,275.479523,0.000000,-0.000684,1.000000,0.000000,0.000116,0.090561
1763991467563,6.397327,272.309662,1.177023,-0.386296,-0.027002,0.999620,-0.001023,121.565184,25.069137,0.000210,213.656823,0.000000,753.040268,0.000000,0.000000,0.000000,0.000001,0.001125,-0.013707,0.096137,275.484283,0.000000,0.009372,1.000000,0.000000,0.000210,0.090560
1763991467661,6.397326,272.309662,1.177230,-0.386308,-0.027182,0.999646,-0.001031,121.565184,25.069137,0.000151,213.656702,0.000000,753.039466,0.000000,0.000000,0.000000,0.000000,-0.007086,-0.006583,0.103819,275.488434,0.000000,0.007004,1.000000,0.000000,0.000151,0.090559
1763991467799,6.397327,272.309662,1.177187,-0.386314,-0.027206,0.999640,-0.001035,121.565184,25.069137,0.000360,213.656920,0.000000,753.012364,0.000000,0.000000,0.000000,0.000000,-0.000096,0.008720,-0.098306,275.493927,0.000000,-0.000852,1.000000,0.000000,0.000360,0.090560
1763991467883,6.397329,272.309662,1.176922,-0.386287,-0.026984,0.999639,-0.001031,121.565184,25.069137,0.000251,213.657453,0.000000,753.003767,0.000000,0.000000,0.000000,0.000000,0.014830,0.007299,-0.187383,275.497955,0.000000,-0.001607,1.000000,0.000000,0.000251,0.090562
1763991467968,6.397331,272.309662,1.176732,-0.386271,-0.027014,0.999612,-0.001030,121.565184,25.069137,0.000105,213.657792,0.000000,753.011053,0.000000,0.000000,0.000000,0.000001,0.006523,0.003706,-0.092028,275.501495,0.000000,-0.004062,1.000000,0.000000,0.000105,0.090564
1763991468053,6.397331,272.309662,1.176711,-0.386263,-0.026990,0.999610,-0.001024,121.565184,25.069137,0.000403,213.657840,0.000000,753.025988,0.000000,0.000000,0.000000,0.000002,0.000587,-0.002028,0.042072,275.505402,0.000000,0.020028,1.000000,0.000000,0.000403,0.090564
1763991468152,6.397329,272.309662,1.177022,-0.386257,-0.027063,0.999607,-0.001013,121.565184,25.069137,0.000765,213.657380,0.000000,753.060157,0.000000,0.000000,0.000000,0.000003,-0.001331,-0.014544,0.248630,275.510223,0.000000,0.036528,1.000000,0.000000,0.000765,0.090562
1763991468255,6.397324,272.309662,1.177549,-0.386288,-0.027086,0.999626,-0.001013,121.565184,25.069137,0.000799,213.656484,0.000000,753.083107,0.000000,0.000000,0.000000,0.000002,-0.022933,-0.015799,0.333570,275.514709,0.000000,0.037383,1.000000,0.000000,0.000799,0.090557
1763991468365,6.397318,272.309662,1.178227,-0.386332,-0.027247,0.999643,-0.001009,121.565184,25.069137,0.000565,213.655394,0.000000,753.099062,0.000000,0.000000,0.000000,-0.000001,-0.018173,-0.015083,0.350227,275.519531,0.000000,0.025418,1.000000,0.000000,0.000565,0.090551
1763991468463,6.397316,272.309662,1.178537,-0.386328,-0.027373,0.999669,-0.001016,121.565184,25.069137,0.000220,213.654594,0.000000,753.090101,0.000000,0.000000,0.000000,-0.000004,0.004575,-0.006446,0.026214,275.524292,0.000000,0.000115,1.000000,0.000000,0.000220,0.090549
1763991468563,6.397318,272.309662,1.178272,-0.386323,-0.027255,0.999658,-0.001034,121.565184,25.069137,0.000985,213.654546,0.000000,753.055203,0.000000,0.000000,0.000000,-0.000006,0.006556,0.004949,-0.283099,275.528381,0.000000,-0.001964,1.000000,0.000000,0.000985,0.090551
1763991468644,6.397323,272.309662,1.177715,-0.386305,-0.026983,0.999630,-0.001041,121.565184,25.069137,0.000814,213.655079,0.000000,753.041943,0.000000,0.000000,0.000000,-0.000006,0.010139,0.010891,-0.313813,275.532776,0.000000,-0.002168,1.000000,0.000000,0.000814,0.090556
1763991468774,6.397326,272.309662,1.177267,-0.386305,-0.026996,0.999596,-0.001047,121.565184,25.069137,0.000083,213.655636,0.000000,753.044275,0.000000,0.000000,0.000000,-0.000004,-0.006478,0.014568,-0.060015,275.538452,0.000000,-0.000383,1.000000,0.000000,0.000083,0.090559
1763991468876,6.397325,272.309662,1.177341,-0.386316,-0.027074,0.999627,-0.001036,121.565184,25.069137,0.000169,213.655878,0.000000,753.043401,0.000000,0.000000,0.000000,-0.000002,-0.003047,0.000998,0.075842,275.542908,0.000000,0.007265,1.000000,0.000000,0.000169,0.090558
1763991468955,6.397324,272.309662,1.177426,-0.386335,-0.027178,0.999638,-0.001029,121.565184,25.069137,0.000156,213.656048,0.000000,753.031307,0.000000,0.000000,0.000000,-0.000002,-0.016398,0.001821,0.050360,275.546204,0.000000,0.001519,1.000000,0.000000,0.000156,0.090557
1763991469081,6.397325,272.309692,1.177372,-0.386388,-0.027146,0.999640,-0.001017,121.565184,25.069137,0.000448,213.656823,0.000000,752.995097,0.000000,0.000000,0.000000,-0.000001,-0.027480,0.017693,-0.078166,275.551392,0.000000,-0.000518,1.000000,0.000000,0.000448,0.090558
1763991469179,6.397326,272.309692,1.177185,-0.386425,-0.027075,0.999632,-0.001010,121.565184,25.069137,0.000434,213.657889,0.000000,752.970181,0.000000,0.000000,0.000000,-0.000000,-0.022114,0.021903,-0.112220,275.555603,0.000000,-0.000689,1.000000,0.000000,0.000434,0.090559
1763991469279,6.397327,272.309753,1.177060,-0.386437,-0.026988,0.999624,-0.001001,121.565184,25.069137,0.000071,213.658979,0.000000,752.962531,0.000000,0.000000,0.000000,0.000000,-0.009175,0.012441,-0.042955,275.559814,0.000000,-0.000206,1.000000,0.000000,0.000071,0.090560
1763991469361,6.397326,272.309753,1.177112,-0.386406,-0.027031,0.999623,-0.000993,121.565184,25.069137,0.000179,213.659633,0.000000,752.973387,0.000000,0.000000,0.000000,0.000001,0.014355,-0.014994,0.074166,275.563904,0.000000,0.008300,1.000000,0.000000,0.000179,0.090559
1763991469468,6.397324,272.309692,1.177313,-0.386406,-0.027106,0.999635,-0.001006,121.565184,25.069137,0.000201,213.659972,0.000000,752.971565,0.000000,0.000000,0.000000,0.000001,0.001725,-0.006213,0.099245,275.568604,0.000000,0.008978,1.000000,0.000000,0.000201,0.090558
1763991469586,6.397324,272.309692,1.177382,-0.386396,-0.027134,0.999648,-0.001021,121.565184,25.069137,0.000182,213.660408,0.000000,752.952987,0.000000,0.000000,0.000000,0.000000,0.015822,-0.000862,-0.028445,275.573364,0.000000,-0.000750,1.000000,0.000000,0.000182,0.090557
1763991469671,6.397325,272.309692,1.177274,-0.386382,-0.027162,0.999635,-0.001036,121.565184,25.069137,0.000372,213.660965,0.000000,752.932806,0.000000,0.000000,0.000000,0.000000,0.009132,0.002044,-0.096666,275.576935,0.000000,-0.000803,1.000000,0.000000,0.000372,0.090558
1763991469755,6.397327,272.309692,1.177082,-0.386366,-0.027044,0.999634,-0.001044,121.565184,25.069137,0.000270,213.661765,0.000000,752.915321,0.000000,0.000000,0.000000,0.000001,0.011296,0.008593,-0.135886,275.580719,0.000000,-0.001270,1.000000,0.000000,0.000270,0.090560
1763991469907,6.397329,272.309692,1.176843,-0.386308,-0.027144,0.999616,-0.001041,121.565184,25.069137,0.000271,213.662903,0.000000,752.904684,0.000000,0.000000,0.000000,0.000002,0.017718,0.003663,-0.054833,275.586578,0.000000,-0.000301,1.000000,0.000000,0.000271,0.090562
1763991469996,6.397329,272.309692,1.176800,-0.386289,-0.026955,0.999633,-0.001034,121.565184,25.069137,0.000133,213.663581,0.000000,752.903955,0.000000,0.000000,0.000000,0.000003,0.006903,-0.003456,-0.009031,275.590790,0.000000,-0.006519,1.000000,0.000000,0.000133,0.090562
1763991470084,6.397329,272.309692,1.176856,-0.386288,-0.027057,0.999624,-0.001027,121.565184,25.069137,0.000275,213.663896,0.000000,752.906870,0.000000,0.000000,0.000000,0.000003,-0.001765,-0.006675,0.054403,275.594452,0.000000,0.013582,1.000000,0.000000,0.000275,0.090562
1763991470195,6.397329,272.309692,1.176941,-0.386313,-0.027179,0.999629,-0.001023,121.565184,25.069137,0.000099,213.664211,0.000000,752.895067,0.000000,0.000000,0.000000,0.000003,-0.013684,-0.002639,0.045540,275.598419,0.000000,0.003068,1.000000,0.000000,0.000099,0.090562
1763991470311,6.397328,272.309692,1.177004,-0.386325,-0.027056,0.999627,-0.001010,121.565184,25.069137,0.000232,213.664599,0.000000,752.896160,0.000000,0.000000,0.000000,0.000003,-0.009483,-0.007711,0.046105,275.602692,0.000000,0.011355,1.000000,0.000000,0.000232,0.090561
1763991470397,6.397327,272.309692,1.177129,-0.386319,-0.027056,0.999632,-0.001003,121.565184,25.069137,0.000430,213.664744,0.000000,752.908764,0.000000,0.000000,0.000000,0.000003,0.000004,-0.018995,0.070449,275.606964,0.000000,0.021405,1.000000,0.000000,0.000430,0.090560
1763991470498,6.397328,272.309631,1.177201,-0.386302,-0.027174,0.999629,-0.001007,121.565184,25.069137,0.000296,213.664599,0.000000,752.917434,0.000000,0.000000,0.000000,0.000002,0.010367,-0.022981,0.029159,275.611176,0.000000,-0.014497,1.000000,0.000000,0.000296,0.090560
1763991470603,6.397328,272.309631,1.177167,-0.386286,-0.027110,0.999636,-0.001014,121.565184,25.069137,0.000111,213.664429,0.000000,752.917652,0.000000,0.000000,0.000000,0.000002,0.010472,-0.023001,-0.042213,275.615570,0.000000,-0.001704,1.000000,0.000000,0.000111,0.090561
1763991470712,6.397329,272.309601,1.177156,-0.386269,-0.026994,0.999622,-0.001026,121.565184,25.069137,0.000362,213.664163,0.000000,752.936813,0.000000,0.000000,0.000000,0.000002,0.010867,-0.019596,0.028478,275.619965,0.000000,0.018085,1.000000,0.000000,0.000362,0.090562
1763991470765,6.397328,272.309540,1.177218,-0.386263,-0.027068,0.999618,-0.001032,121.565184,25.069137,0.000406,213.663872,0.000000,752.945192,0.000000,0.000000,0.000000,0.000002,0.010679,-0.014041,0.082732,275.622162,0.000000,0.019792,1.000000,0.000000,0.000406,0.090561
1763991470869,6.397326,272.309540,1.177457,-0.386264,-0.027105,0.999628,-0.001036,121.565184,25.069137,0.000331,213.663266,0.000000,752.956266,0.000000,0.000000,0.000000,0.000001,0.002356,-0.000888,0.157302,275.626556,0.000000,0.015219,1.000000,0.000000,0.000331,0.090559
1763991470975,6.397324,272.309540,1.177701,-0.386267,-0.027101,0.999635,-0.001038,121.565184,25.069137,0.000333,213.662612,0.000000,752.965882,0.000000,0.000000,0.000000,0.000000,-0.001476,0.010563,0.120126,275.630951,0.000000,0.015874,1.000000,0.000000,0.000333,0.090557
1763991471062,6.397324,272.309601,1.177784,-0.386284,-0.027253,0.999637,-0.001039,121.565184,25.069137,0.000178,213.662176,0.000000,752.954590,0.000000,0.000000,0.000000,-0.000001,-0.006951,0.023901,-0.006317,275.635345,0.000000,-0.000157,1.000000,0.000000,0.000178,0.090557
1763991471180,6.397326,272.309662,1.177573,-0.386294,-0.027094,0.999634,-0.001033,121.565184,25.069137,0.000368,213.662249,0.000000,752.938707,0.000000,0.000000,0.000000,-0.000002,-0.006433,0.025530,-0.148222,275.640167,0.000000,-0.001026,1.000000,0.000000,0.000368,0.090559
1763991471268,6.397327,272.309692,1.177349,-0.386292,-0.027102,0.999629,-0.001027,121.565184,25.069137,0.000287,213.662443,0.000000,752.936667,0.000000,0.000000,0.000000,-0.000001,-0.000161,0.017858,-0.139400,275.643951,0.000000,-0.001106,1.000000,0.000000,0.000287,0.090560
1763991471394,6.397329,272.309692,1.177184,-0.386289,-0.027065,0.999619,-0.001017,121.565184,25.069137,0.000084,213.662443,0.000000,752.948324,0.000000,0.000000,0.000000,-0.000000,-0.001422,0.002428,-0.028372,275.649445,0.000000,-0.000408,1.000000,0.000000,0.000084,0.090561
1763991471491,6.397329,272.309692,1.177193,-0.386287,-0.026976,0.999627,-0.001010,121.565184,25.069137,0.000309,213.662249,0.000000,752.965955,0.000000,0.000000,0.000000,0.000000,-0.002251,-0.007715,0.027771,275.653595,0.000000,0.015406,1.000000,0.000000,0.000309,0.090561
1763991471562,6.397327,272.309692,1.177332,-0.386298,-0.027096,0.999609,-0.001009,121.565184,25.069137,0.000402,213.661789,0.000000,752.982348,0.000000,0.000000,0.000000,0.000001,-0.009283,-0.013185,0.138480,275.657227,0.000000,0.019062,1.000000,0.000000,0.000402,0.090560
1763991471665,6.397324,272.309692,1.177690,-0.386294,-0.027094,0.999626,-0.001005,121.565184,25.069137,0.000598,213.660892,0.000000,753.013457,0.000000,0.000000,0.000000,0.000000,0.011155,-0.023884,0.219509,275.661987,0.000000,0.028266,1.000000,0.000000,0.000598,0.090557
1763991471759,6.397322,272.309631,1.178033,-0.386285,-0.027208,0.999634,-0.001010,121.565184,25.069137,0.000338,213.659875,0.000000,753.032618,0.000000,0.000000,0.000000,-0.000001,0.005507,-0.026722,0.192987,275.666077,0.000000,0.015333,1.000000,0.000000,0.000338,0.090555
1763991471856,6.397320,272.309601,1.178218,-0.386289,-0.027221,0.999649,-0.001027,121.565184,25.069137,0.000178,213.658882,0.000000,753.031161,0.000000,0.000000,0.000000,-0.000003,-0.005258,-0.007864,0.046016,275.670349,0.000000,0.000962,1.000000,0.000000,0.000178,0.090553
1763991471951,6.397319,272.309601,1.178206,-0.386299,-0.027096,0.999634,-0.001038,121.565184,25.069137,0.000212,213.658349,0.000000,753.026134,0.000000,0.000000,0.000000,-0.000004,-0.002558,0.003396,-0.028144,275.674561,0.000000,0.000074,1.000000,0.000000,0.000212,0.090552
1763991472064,6.397319,272.309631,1.178165,-0.386312,-0.027102,0.999631,-0.001045,121.565184,25.069137,0.000238,213.658107,0.000000,753.018193,0.000000,0.000000,0.000000,-0.000005,-0.005277,0.015016,-0.022134,275.679138,0.000000,0.000106,1.000000,0.000000,0.000238,0.090552
1763991472167,6.397319,272.309692,1.178152,-0.386340,-0.027159,0.999636,-0.001047,121.565184,25.069137,0.000316,213.658179,0.000000,753.003184,0.000000,0.000000,0.000000,-0.000005,-0.021607,0.022393,-0.015918,275.683838,0.000000,0.000164,1.000000,0.000000,0.000316,0.090552
1763991472262,6.397320,272.309723,1.178029,-0.386362,-0.027120,0.999646,-0.001033,121.565184,25.069137,0.000532,213.658664,0.000000,752.976009,0.000000,0.000000,0.000000,-0.000005,-0.005161,0.022105,-0.115020,275.688171,0.000000,-0.000591,1.000000,0.000000,0.000532,0.090553
1763991472355,6.397322,272.309723,1.177764,-0.386361,-0.027098,0.999636,-0.001022,121.565184,25.069137,0.000575,213.659415,0.000000,752.956776,0.000000,0.000000,0.000000,-0.000005,0.003556,0.012313,-0.188513,275.692200,0.000000,-0.001254,1.000000,0.000000,0.000575,0.090555
1763991472448,6.397325,272.309723,1.177427,-0.386351,-0.027060,0.999634,-0.001015,121.565184,25.069137,0.000560,213.660287,0.000000,752.941039,0.000000,0.000000,0.000000,-0.000004,0.009067,0.002485,-0.218984,275.696167,0.000000,-0.001646,1.000000,0.000000,0.000560,0.090558
1763991472555,6.397328,272.309723,1.177075,-0.386331,-0.026937,0.999619,-0.001011,121.565184,25.069137,0.000177,213.661207,0.000000,752.939072,0.000000,0.000000,0.000000,-0.000001,0.007402,-0.011834,-0.143495,275.700806,0.000000,-0.001323,1.000000,0.000000,0.000177,0.090560
1763991472648,6.397328,272.309692,1.177019,-0.386330,-0.027026,0.999619,-0.001010,121.565184,25.069137,0.000095,213.661595,0.000000,752.946794,0.000000,0.000000,0.000000,0.000001,-0.003769,-0.019028,0.021693,275.705017,0.000000,-0.004738,1.000000,0.000000,0.000095,0.090561
1763991472761,6.397328,272.309692,1.177111,-0.386345,-0.027087,0.999622,-0.001013,121.565184,25.069137,0.000155,213.661813,0.000000,752.946503,0.000000,0.000000,0.000000,0.000002,-0.013290,-0.013503,0.065807,275.709961,0.000000,0.007456,1.000000,0.000000,0.000155,0.090561
1763991472841,6.397327,272.309692,1.177239,-0.386361,-0.027084,0.999625,-0.001013,121.565184,25.069137,0.000189,213.661958,0.000000,752.944172,0.000000,0.000000,0.000000,0.000003,-0.008249,-0.009121,0.109594,275.713318,0.000000,0.008334,1.000000,0.000000,0.000189,0.090560
1763991472959,6.397325,272.309692,1.177448,-0.386354,-0.027102,0.999641,-0.001017,121.565184,25.069137,0.000229,213.662104,0.000000,752.946649,0.000000,0.000000,0.000000,0.000002,0.008767,-0.009124,0.085716,275.718140,0.000000,0.011084,1.000000,0.000000,0.000229,0.090558
1763991473055,6.397326,272.309692,1.177477,-0.386330,-0.027195,0.999648,-0.001023,121.565184,25.069137,0.000132,213.662201,0.000000,752.939436,0.000000,0.000000,0.000000,0.000002,0.019975,-0.004037,-0.044384,275.722290,0.000000,-0.000978,1.000000,0.000000,0.000132,0.090559
1763991473173,6.397328,272.309692,1.177254,-0.386293,-0.027111,0.999629,-0.001033,121.565184,25.069137,0.000209,213.662419,0.000000,752.933826,0.000000,0.000000,0.000000,0.000002,0.015424,-0.007013,-0.134423,275.726990,0.000000,-0.001459,1.000000,0.000000,0.000209,0.090561
1763991473241,6.397329,272.309692,1.177126,-0.386284,-0.026982,0.999615,-0.001037,121.565184,25.069137,0.000052,213.662540,0.000000,752.936012,0.000000,0.000000,0.000000,0.000003,0.006710,-0.006549,-0.069254,275.730225,0.000000,-0.000983,1.000000,0.000000,0.000052,0.090562
1763991473363,6.397329,272.309692,1.177183,-0.386277,-0.027013,0.999614,-0.001037,121.565184,25.069137,0.000429,213.662515,0.000000,752.952696,0.000000,0.000000,0.000000,0.000003,-0.001843,-0.005238,0.102105,275.735718,0.000000,0.020813,1.000000,0.000000,0.000429,0.090562
1763991473462,6.397327,272.309692,1.177403,-0.386286,-0.027117,0.999635,-0.001031,121.565184,25.069137,0.000439,213.662249,0.000000,752.960491,0.000000,0.000000,0.000000,0.000003,-0.004437,-0.003060,0.146200,275.739563,0.000000,0.021128,1.000000,0.000000,0.000439,0.090560
1763991473594,6.397325,272.309692,1.177682,-0.386314,-0.027145,0.999632,-0.001023,121.565184,25.069137,0.000273,213.661861,0.000000,752.962021,0.000000,0.000000,0.000000,0.000002,-0.016053,-0.000837,0.121224,275.744812,0.000000,0.012749,1.000000,0.000000,0.000273,0.090558
1763991473677,6.397324,272.309692,1.177830,-0.386338,-0.027122,0.999632,-0.001017,121.565184,25.069137,0.000219,213.661668,0.000000,752.962823,0.000000,0.000000,0.000000,0.000001,-0.015304,0.000224,0.081136,275.748840,0.000000,0.010407,1.000000,0.000000,0.000219,0.090557
1763991473759,6.397323,272.309692,1.177897,-0.386354,-0.027186,0.999636,-0.001014,121.565184,25.069137,0.000033,213.661547,0.000000,752.960200,0.000000,0.000000,0.000000,0.000000,-0.010478,0.000749,0.021616,275.752563,0.000000,0.001477,1.000000,0.000000,0.000033,0.090557
1763991473853,6.397324,272.309692,1.177855,-0.386369,-0.027114,0.999633,-0.001012,121.565184,25.069137,0.000210,213.661619,0.000000,752.949781,0.000000,0.000000,0.000000,-0.000001,-0.003431,0.000669,-0.047555,275.756897,0.000000,-0.000046,1.000000,0.000000,0.000210,0.090557
1763991473962,6.397324,272.309692,1.177727,-0.386330,-0.027105,0.999637,-0.001009,121.565184,25.069137,0.000139,213.661740,0.000000,752.958233,0.000000,0.000000,0.000000,-0.000001,0.028334,-0.013687,-0.084670,275.761475,0.000000,-0.000707,1.000000,0.000000,0.000139,0.090558
1763991474068,6.397326,272.309662,1.177546,-0.386300,-0.027191,0.999629,-0.001022,121.565184,25.069137,0.000338,213.661619,0.000000,752.958961,0.000000,0.000000,0.000000,-0.000001,0.009629,-0.017157,-0.113886,275.765930,0.000000,-0.000781,1.000000,0.000000,0.000338,0.090559
1763991474191,6.397327,272.309601,1.177363,-0.386263,-0.027040,0.999625,-0.001028,121.565184,25.069137,0.000085,213.661450,0.000000,752.970982,0.000000,0.000000,0.000000,-0.000000,0.023025,-0.012567,-0.061557,275.770935,0.000000,-0.001554,1.000000,0.000000,0.000085,0.090560
1763991474273,6.397327,272.309540,1.177346,-0.386226,-0.027032,0.999622,-0.001032,121.565184,25.069137,0.000234,213.661062,0.000000,752.991163,0.000000,0.000000,0.000000,0.000000,0.021495,-0.013805,0.010450,275.775055,0.000000,-0.011537,1.000000,0.000000,0.000234,0.090560
1763991474363,6.397327,272.309540,1.177399,-0.386205,-0.027078,0.999627,-0.001038,121.565184,25.069137,0.000246,213.660432,0.000000,753.006536,0.000000,0.000000,0.000000,0.000001,0.003096,-0.003379,0.042190,275.779144,0.000000,-0.012286,1.000000,0.000000,0.000246,0.090560
1763991474457,6.397327,272.309540,1.177461,-0.386193,-0.027082,0.999628,-0.001035,121.565184,25.069137,0.000277,213.659778,0.000000,753.021471,0.000000,0.000000,0.000000,0.000001,0.006767,0.002759,0.037079,275.782990,0.000000,-0.013741,1.000000,0.000000,0.000277,0.090560
1763991474551,6.397327,272.309540,1.177518,-0.386172,-0.027126,0.999633,-0.001027,121.565184,25.069137,0.000208,213.658930,0.000000,753.040195,0.000000,0.000000,0.000000,0.000001,0.017309,0.001887,0.023257,275.787262,0.000000,-0.010241,1.000000,0.000000,0.000208,0.090560
1763991474648,6.397327,272.309540,1.177559,-0.386159,-0.027039,0.999618,-0.001024,121.565184,25.069137,0.000342,213.657913,0.000000,753.066787,0.000000,0.000000,0.000000,0.000001,-0.001857,-0.001095,0.046354,275.791473,0.000000,0.016997,1.000000,0.000000,0.000342,0.090560
1763991474755,6.397326,272.309601,1.177772,-0.386173,-0.027052,0.999620,-0.001018,121.565184,25.069137,0.000496,213.656557,0.000000,753.098552,0.000000,0.000000,0.000000,0.000001,-0.007401,-0.003597,0.163803,275.796082,0.000000,0.023522,1.000000,0.000000,0.000496,0.090559
1763991474850,6.397322,272.309540,1.178142,-0.386184,-0.027130,0.999626,-0.001015,121.565184,25.069137,0.000543,213.655055,0.000000,753.132648,0.000000,0.000000,0.000000,0.000000,-0.003975,-0.009839,0.232042,275.800659,0.000000,0.025299,1.000000,0.000000,0.000543,0.090555
1763991474954,6.397319,272.309540,1.178511,-0.386209,-0.027147,0.999652,-0.001020,121.565184,25.069137,0.000232,213.653407,0.000000,753.150789,0.000000,0.000000,0.000000,-0.000002,-0.015390,-0.003999,0.139562,275.805420,0.000000,0.010578,1.000000,0.000000,0.000232,0.090552
1763991475057,6.397319,272.309540,1.178548,-0.386225,-0.027276,0.999653,-0.001030,121.565184,25.069137,0.000308,213.652221,0.000000,753.146345,0.000000,0.000000,0.000000,-0.000004,-0.010021,0.006209,-0.075188,275.809937,0.000000,-0.000589,1.000000,0.000000,0.000308,0.090552
1763991475146,6.397321,272.309540,1.178315,-0.386231,-0.027093,0.999635,-0.001034,121.565184,25.069137,0.000453,213.651712,0.000000,753.140080,0.000000,0.000000,0.000000,-0.000004,-0.000764,0.014274,-0.190740,275.813782,0.000000,-0.001368,1.000000,0.000000,0.000453,0.090554
1763991475240,6.397323,272.309601,1.178055,-0.386236,-0.027127,0.999615,-0.001039,121.565184,25.069137,0.000261,213.651276,0.000000,753.146709,0.000000,0.000000,0.000000,-0.000004,-0.006122,0.018817,-0.126817,275.817932,0.000000,-0.001025,1.000000,0.000000,0.000261,0.090556
1763991475362,6.397324,272.309662,1.177931,-0.386268,-0.027089,0.999616,-0.001038,121.565184,25.069137,0.000107,213.650767,0.000000,753.150134,0.000000,0.000000,0.000000,-0.000003,-0.024093,0.019158,0.005212,275.823486,0.000000,0.000495,1.000000,0.000000,0.000107,0.090557
1763991475452,6.397323,272.309692,1.177957,-0.386285,-0.027112,0.999632,-0.001028,121.565184,25.069137,0.000111,213.650476,0.000000,753.152756,0.000000,0.000000,0.000000,-0.000002,-0.006190,0.009886,0.024411,275.827515,0.000000,0.005142,1.000000,0.000000,0.000111,0.090556
1763991475537,6.397323,272.309692,1.177955,-0.386283,-0.027239,0.999637,-0.001016,121.565184,25.069137,0.000187,213.650258,0.000000,753.151154,0.000000,0.000000,0.000000,-0.000002,0.006553,0.001109,-0.030890,275.831177,0.000000,-0.000196,1.000000,0.000000,0.000187,0.090556
1763991475678,6.397325,272.309662,1.177707,-0.386273,-0.027093,0.999629,-0.001012,121.565184,25.069137,0.000335,213.650234,0.000000,753.147802,0.000000,0.000000,0.000000,-0.000001,0.001105,-0.006321,-0.127741,275.837036,0.000000,-0.000939,1.000000,0.000000,0.000335,0.090559
1763991475753,6.397326,272.309662,1.177587,-0.386263,-0.026976,0.999617,-0.001008,121.565184,25.069137,0.000097,213.650137,0.000000,753.158731,0.000000,0.000000,0.000000,-0.000000,0.010245,-0.012731,-0.062493,275.840271,0.000000,-0.000260,1.000000,0.000000,0.000097,0.090559
1763991475849,6.397324,272.309631,1.177710,-0.386271,-0.027047,0.999609,-0.001013,121.565184,25.069137,0.000244,213.649653,0.000000,753.181826,0.000000,0.000000,0.000000,0.000001,-0.016808,-0.014134,0.152185,275.844849,0.000000,0.010450,1.000000,0.000000,0.000244,0.090558
1763991475941,6.397322,272.309631,1.178012,-0.386294,-0.027100,0.999639,-0.001020,121.565184,25.069137,0.000380,213.649047,0.000000,753.193191,0.000000,0.000000,0.000000,0.000000,-0.013111,-0.001163,0.198703,275.848877,0.000000,0.017423,1.000000,0.000000,0.000380,0.090555
1763991476071,6.397319,272.309631,1.178295,-0.386321,-0.027300,0.999641,-0.001030,121.565184,25.069137,0.000298,213.648539,0.000000,753.173739,0.000000,0.000000,0.000000,-0.000001,-0.006395,0.006501,0.043205,275.854431,0.000000,0.000573,1.000000,0.000000,0.000298,0.090552
1763991476165,6.397319,272.309631,1.178246,-0.386337,-0.027131,0.999647,-0.001037,121.565184,25.069137,0.000396,213.648684,0.000000,753.153776,0.000000,0.000000,0.000000,-0.000002,-0.011283,0.014131,-0.073325,275.858643,0.000000,-0.000392,1.000000,0.000000,0.000396,0.090552
1763991476283,6.397321,272.309662,1.178035,-0.386332,-0.027100,0.999634,-0.001033,121.565184,25.069137,0.000472,213.649290,0.000000,753.133960,0.000000,0.000000,0.000000,-0.000003,0.007704,0.015108,-0.129008,275.863281,0.000000,-0.000791,1.000000,0.000000,0.000472,0.090554
1763991476361,6.397322,272.309692,1.177868,-0.386321,-0.027047,0.999623,-0.001030,121.565184,25.069137,0.000368,213.649847,0.000000,753.126456,0.000000,0.000000,0.000000,-0.000002,0.008457,0.009194,-0.096140,275.866943,0.000000,-0.000456,1.000000,0.000000,0.000368,0.090555
1763991476467,6.397324,272.309692,1.177641,-0.386308,-0.027113,0.999638,-0.001030,121.565184,25.069137,0.000330,213.650501,0.000000,753.112467,0.000000,0.000000,0.000000,-0.000001,0.005165,0.006206,-0.150062,275.871460,0.000000,-0.001395,1.000000,0.000000,0.000330,0.090558
1763991476592,6.397328,272.309692,1.177242,-0.386316,-0.027078,0.999626,-0.001028,121.565184,25.069137,0.000497,213.651518,0.000000,753.083107,0.000000,0.000000,0.000000,0.000001,-0.008016,0.012349,-0.196558,275.876648,0.000000,-0.001634,1.000000,0.000000,0.000497,0.090561
1763991476677,6.397331,272.309662,1.176987,-0.386316,-0.027019,0.999624,-0.001022,121.565184,25.069137,0.000231,213.652317,0.000000,753.074801,0.000000,0.000000,0.000000,0.000002,0.000881,0.012483,-0.149447,275.880188,0.000000,-0.001607,1.000000,0.000000,0.000231,0.090564
1763991476768,6.397332,272.309662,1.176837,-0.386289,-0.026975,0.999622,-0.001010,121.565184,25.069137,0.000159,213.652996,0.000000,753.082815,0.000000,0.000000,0.000000,0.000004,0.010024,0.001181,-0.065865,275.884094,0.000000,-0.006991,1.000000,0.000000,0.000159,0.090565
1763991476855,6.397333,272.309662,1.176817,-0.386281,-0.027049,0.999621,-0.001009,121.565184,25.069137,0.000241,213.653214,0.000000,753.089154,0.000000,0.000000,0.000000,0.000006,0.003342,-0.006723,0.008406,275.887543,0.000000,-0.011761,1.000000,0.000000,0.000241,0.090566
1763991476961,6.397332,272.309662,1.176916,-0.386284,-0.027058,0.999621,-0.001011,121.565184,25.069137,0.000339,213.653286,0.000000,753.098042,0.000000,0.000000,0.000000,0.000007,-0.005001,-0.011348,0.082149,275.892548,0.000000,0.016557,1.000000,0.000000,0.000339,0.090565
1763991477056,6.397331,272.309662,1.177122,-0.386294,-0.027066,0.999624,-0.001015,121.565184,25.069137,0.000435,213.653141,0.000000,753.107440,0.000000,0.000000,0.000000,0.000007,-0.002558,-0.010762,0.139154,275.896942,0.000000,0.020851,1.000000,0.000000,0.000435,0.090564
1763991477159,6.397329,272.309692,1.177401,-0.386292,-0.027088,0.999636,-0.001018,121.565184,25.069137,0.000523,213.652802,0.000000,753.121210,0.000000,0.000000,0.000000,0.000006,0.004778,-0.011935,0.159214,275.901276,0.000000,0.025162,1.000000,0.000000,0.000523,0.090562
1763991477265,6.397326,272.309662,1.177693,-0.386275,-0.027085,0.999632,-0.001021,121.565184,25.069137,0.000525,213.652269,0.000000,753.138768,0.000000,0.000000,0.000000,0.000005,0.013871,-0.015717,0.162388,275.905701,0.000000,0.025141,1.000000,0.000000,0.000525,0.090559
1763991477360,6.397324,272.309662,1.177971,-0.386251,-0.027110,0.999630,-0.001026,121.565184,25.069137,0.000458,213.651542,0.000000,753.158658,0.000000,0.000000,0.000000,0.000003,0.013811,-0.016875,0.154291,275.910095,0.000000,0.021862,1.000000,0.000000,0.000458,0.090557
1763991477443,6.397322,272.309662,1.178207,-0.386245,-0.027184,0.999633,-0.001031,121.565184,25.069137,0.000296,213.650791,0.000000,753.171772,0.000000,0.000000,0.000000,0.000001,0.001662,-0.013918,0.145854,275.914001,0.000000,0.013668,1.000000,0.000000,0.000296,0.090555
1763991477553,6.397321,272.309662,1.178378,-0.386230,-0.027180,0.999656,-0.001033,121.565184,25.069137,0.000072,213.649919,0.000000,753.180150,0.000000,0.000000,0.000000,-0.000001,0.013688,-0.001726,0.024596,275.918823,0.000000,0.003327,1.000000,0.000000,0.000072,0.090554
1763991477662,6.397322,272.309662,1.178277,-0.386195,-0.027136,0.999626,-0.001036,121.565184,25.069137,0.000198,213.649168,0.000000,753.187071,0.000000,0.000000,0.000000,-0.000003,0.009103,-0.005314,-0.086459,275.923523,0.000000,-0.000558,1.000000,0.000000,0.000198,0.090555
1763991477753,6.397322,272.309662,1.178175,-0.386184,-0.026984,0.999621,-0.001035,121.565184,25.069137,0.000018,213.648611,0.000000,753.200768,0.000000,0.000000,0.000000,-0.000003,0.008723,-0.009599,-0.037125,275.927368,0.000000,-0.000814,1.000000,0.000000,0.000018,0.090556
1763991477844,6.397322,272.309662,1.178265,-0.386180,-0.027104,0.999613,-0.001032,121.565184,25.069137,0.000372,213.647788,0.000000,753.230420,0.000000,0.000000,0.000000,-0.000003,-0.002041,-0.014559,0.118393,275.931519,0.000000,0.017752,1.000000,0.000000,0.000372,0.090555
1763991477961,6.397319,272.309662,1.178498,-0.386204,-0.027243,0.999651,-0.001029,121.565184,25.069137,0.000196,213.646649,0.000000,753.231003,0.000000,0.000000,0.000000,-0.000004,-0.015635,-0.009483,0.045495,275.936646,0.000000,0.000693,1.000000,0.000000,0.000196,0.090552
1763991478044,6.397320,272.309662,1.178407,-0.386201,-0.027212,0.999662,-0.001022,121.565184,25.069137,0.000423,213.646213,0.000000,753.224446,0.000000,0.000000,0.000000,-0.000005,0.012449,-0.009620,-0.140183,275.940369,0.000000,-0.001110,1.000000,0.000000,0.000423,0.090553
1763991478159,6.397325,272.309662,1.177906,-0.386178,-0.027135,0.999636,-0.001024,121.565184,25.069137,0.000687,213.646044,0.000000,753.214684,0.000000,0.000000,0.000000,-0.000004,0.009583,-0.010233,-0.311287,275.945312,0.000000,-0.002494,1.000000,0.000000,0.000687,0.090558
1763991478246,6.397329,272.309662,1.177452,-0.386167,-0.026892,0.999615,-0.001027,121.565184,25.069137,0.000387,213.646068,0.000000,753.218691,0.000000,0.000000,0.000000,-0.000002,0.006411,-0.011778,-0.260736,275.949097,0.000000,-0.001983,1.000000,0.000000,0.000387,0.090561
1763991478344,6.397330,272.309662,1.177251,-0.386163,-0.026885,0.999598,-0.001024,121.565184,25.069137,0.000319,213.645801,0.000000,753.246740,0.000000,0.000000,0.000000,0.000000,0.001712,-0.015904,-0.016234,275.953186,0.000000,-0.015658,1.000000,0.000000,0.000319,0.090563
1763991478448,6.397329,272.309601,1.177438,-0.386158,-0.027033,0.999618,-0.001020,121.565184,25.069137,0.000698,213.644857,0.000000,753.282658,0.000000,0.000000,0.000000,0.000002,0.004417,-0.020165,0.161984,275.957703,0.000000,0.034071,1.000000,0.000000,0.000698,0.090562
1763991478541,6.397327,272.309540,1.177760,-0.386157,-0.027234,0.999628,-0.001018,121.565184,25.069137,0.000385,213.643694,0.000000,753.303203,0.000000,0.000000,0.000000,0.000003,-0.005726,-0.017169,0.194153,275.961853,0.000000,0.017866,1.000000,0.000000,0.000385,0.090559
1763991478641,6.397324,272.309540,1.178071,-0.386187,-0.027076,0.999628,-0.001020,121.565184,25.069137,0.000332,213.642483,0.000000,753.318502,0.000000,0.000000,0.000000,0.000002,-0.022318,-0.003577,0.161518,275.966675,0.000000,0.015348,1.000000,0.000000,0.000332,0.090557
1763991478746,6.397321,272.309540,1.178400,-0.386242,-0.027112,0.999633,-0.001026,121.565184,25.069137,0.000284,213.641417,0.000000,753.327464,0.000000,0.000000,0.000000,0.000001,-0.033284,0.009744,0.178126,275.971313,0.000000,0.012716,1.000000,0.000000,0.000284,0.090554
1763991478845,6.397319,272.309540,1.178626,-0.386296,-0.027176,0.999636,-0.001030,121.565184,25.069137,0.000073,213.640811,0.000000,753.315880,0.000000,0.000000,0.000000,-0.000001,-0.022402,0.019511,0.097991,275.975769,0.000000,0.001833,1.000000,0.000000,0.000073,0.090552
1763991478956,6.397318,272.309631,1.178696,-0.386319,-0.027160,0.999649,-0.001028,121.565184,25.069137,0.000137,213.640569,0.000000,753.305243,0.000000,0.000000,0.000000,-0.000003,-0.000603,0.020825,-0.015360,275.980530,0.000000,-0.000091,1.000000,0.000000,0.000137,0.090551
1763991479035,6.397319,272.309662,1.178558,-0.386310,-0.027234,0.999652,-0.001026,121.565184,25.069137,0.000486,213.640642,0.000000,753.290963,0.000000,0.000000,0.000000,-0.000004,0.008348,0.015407,-0.154836,275.984314,0.000000,-0.001208,1.000000,0.000000,0.000486,0.090552
1763991479152,6.397324,272.309662,1.178069,-0.386280,-0.027072,0.999626,-0.001025,121.565184,25.069137,0.000718,213.641150,0.000000,753.270928,0.000000,0.000000,0.000000,-0.000004,0.016648,0.005996,-0.294730,275.989197,0.000000,-0.002016,1.000000,0.000000,0.000718,0.090557
1763991479251,6.397326,272.309662,1.177676,-0.386258,-0.027032,0.999614,-0.001029,121.565184,25.069137,0.000406,213.641611,0.000000,753.272895,0.000000,0.000000,0.000000,-0.000002,0.008464,-0.000069,-0.178905,275.993408,0.000000,-0.001175,1.000000,0.000000,0.000406,0.090559
1763991479340,6.397327,272.309662,1.177551,-0.386269,-0.027012,0.999603,-0.001031,121.565184,25.069137,0.000095,213.641805,0.000000,753.281346,0.000000,0.000000,0.000000,-0.000000,-0.016365,0.001435,0.003637,275.997253,0.000000,-0.004729,1.000000,0.000000,0.000095,0.090560
1763991479460,6.397327,272.309662,1.177660,-0.386299,-0.027080,0.999631,-0.001027,121.565184,25.069137,0.000176,213.641950,0.000000,753.277121,0.000000,0.000000,0.000000,0.000001,-0.009775,0.007738,0.066581,276.001953,0.000000,0.008450,1.000000,0.000000,0.000176,0.090559
1763991479568,6.397326,272.309662,1.177775,-0.386330,-0.027134,0.999634,-0.001020,121.565184,25.069137,0.000074,213.642144,0.000000,753.265901,0.000000,0.000000,0.000000,0.000002,-0.019420,0.010231,0.034184,276.007263,0.000000,0.001229,1.000000,0.000000,0.000074,0.090559
1763991479655,6.397326,272.309662,1.177819,-0.386338,-0.027085,0.999624,-0.001010,121.565184,25.069137,0.000168,213.642386,0.000000,753.268159,0.000000,0.000000,0.000000,0.000002,-0.000658,0.005863,0.042284,276.011230,0.000000,0.008292,1.000000,0.000000,0.000168,0.090559
1763991479741,6.397325,272.309662,1.177901,-0.386327,-0.027083,0.999625,-0.001004,121.565184,25.069137,0.000191,213.642410,0.000000,753.277339,0.000000,0.000000,0.000000,0.000002,0.010209,-0.002643,0.065076,276.014893,0.000000,0.009154,1.000000,0.000000,0.000191,0.090558
1763991479862,6.397324,272.309662,1.178051,-0.386331,-0.027156,0.999636,-0.001011,121.565184,25.069137,0.000111,213.642216,0.000000,753.280836,0.000000,0.000000,0.000000,0.000001,-0.006535,-0.004261,0.064033,276.020142,0.000000,0.004731,1.000000,0.000000,0.000111,0.090557
1763991479960,6.397323,272.309662,1.178153,-0.386345,-0.027119,0.999632,-0.001021,121.565184,25.069137,0.000137,213.642144,0.000000,753.280399,0.000000,0.000000,0.000000,0.000001,-0.008199,0.004013,0.064336,276.024414,0.000000,0.006128,1.000000,0.000000,0.000137,0.090556
1763991480059,6.397322,272.309662,1.178255,-0.386344,-0.027078,0.999628,-0.001026,121.565184,25.069137,0.000131,213.642144,0.000000,753.279962,0.000000,0.000000,0.000000,-0.000000,0.004699,0.001826,0.054844,276.028748,0.000000,0.005936,1.000000,0.000000,0.000131,0.090555
1763991480147,6.397321,272.309662,1.178357,-0.386327,-0.027077,0.999630,-0.001029,121.565184,25.069137,0.000136,213.642071,0.000000,753.284406,0.000000,0.000000,0.000000,-0.000001,0.009672,0.000265,0.060440,276.032715,0.000000,0.005965,1.000000,0.000000,0.000136,0.090554
1763991480239,6.397320,272.309662,1.178453,-0.386320,-0.027116,0.999632,-0.001033,121.565184,25.069137,0.000089,213.641998,0.000000,753.280108,0.000000,0.000000,0.000000,-0.000002,0.003185,0.000434,0.053933,276.036682,0.000000,0.001034,1.000000,0.000000,0.000089,0.090553
1763991480349,6.397318,272.309662,1.178552,-0.386304,-0.027156,0.999629,-0.001031,121.565184,25.069137,0.000115,213.642047,0.000000,753.278505,0.000000,0.000000,0.000000,-0.000003,0.006781,-0.004571,0.050377,276.041626,0.000000,0.000857,1.000000,0.000000,0.000115,0.090551
1763991480452,6.397318,272.309662,1.178524,-0.386313,-0.027225,0.999655,-0.001038,121.565184,25.069137,0.000483,213.642265,0.000000,753.252860,0.000000,0.000000,0.000000,-0.000004,-0.013206,0.003762,-0.088951,276.045807,0.000000,-0.000541,1.000000,0.000000,0.000483,0.090551
1763991480534,6.397321,272.309662,1.178249,-0.386338,-0.027162,0.999652,-0.001039,121.565184,25.069137,0.000803,213.643040,0.000000,753.214174,0.000000,0.000000,0.000000,-0.000004,-0.017428,0.017913,-0.249654,276.049469,0.000000,-0.001844,1.000000,0.000000,0.000803,0.090554
1763991480635,6.397325,272.309662,1.177757,-0.386344,-0.027028,0.999625,-0.001031,121.565184,25.069137,0.000594,213.644372,0.000000,753.186998,0.000000,0.000000,0.000000,-0.000003,0.004231,0.019139,-0.265936,276.053802,0.000000,-0.002058,1.000000,0.000000,0.000594,0.090558
1763991480739,6.397328,272.309662,1.177361,-0.386334,-0.026956,0.999609,-0.001025,121.565184,25.069137,0.000297,213.645656,0.000000,753.173302,0.000000,0.000000,0.000000,-0.000000,-0.000244,0.009386,-0.175217,276.058075,0.000000,-0.001569,1.000000,0.000000,0.000297,0.090561
1763991480836,6.397329,272.309662,1.177261,-0.386358,-0.027088,0.999604,-0.001017,121.565184,25.069137,0.000128,213.646722,0.000000,753.164122,0.000000,0.000000,0.000000,0.000002,-0.020194,0.000297,0.037477,276.062347,0.000000,0.004011,1.000000,0.000000,0.000128,0.090562
1763991480948,6.397327,272.309662,1.177469,-0.386379,-0.026967,0.999628,-0.001002,121.565184,25.069137,0.000276,213.647642,0.000000,753.160916,0.000000,0.000000,0.000000,0.000003,-0.001359,-0.002137,0.140113,276.067047,0.000000,0.012678,1.000000,0.000000,0.000276,0.090560
1763991481048,6.397325,272.309662,1.177676,-0.386393,-0.027171,0.999643,-0.001001,121.565184,25.069137,0.000088,213.648248,0.000000,753.149259,0.000000,0.000000,0.000000,0.000003,-0.012225,-0.002461,0.084801,276.071075,0.000000,0.003845,1.000000,0.000000,0.000088,0.090559
1763991481146,6.397325,272.309662,1.177722,-0.386405,-0.027139,0.999644,-0.001005,121.565184,25.069137,0.000098,213.649023,0.000000,753.129807,0.000000,0.000000,0.000000,0.000003,0.001050,-0.000209,-0.019323,276.075409,0.000000,-0.000373,1.000000,0.000000,0.000098,0.090558
1763991481240,6.397326,272.309662,1.177648,-0.386394,-0.027071,0.999631,-0.001011,121.565184,25.069137,0.000150,213.649871,0.000000,753.116547,0.000000,0.000000,0.000000,0.000002,0.014583,-0.002124,-0.053621,276.079254,0.000000,-0.000515,1.000000,0.000000,0.000150,0.090559
1763991481331,6.397327,272.309662,1.177557,-0.386370,-0.027032,0.999630,-0.001024,121.565184,25.069137,0.000163,213.650670,0.000000,753.105619,0.000000,0.000000,0.000000,0.000002,0.014508,0.001838,-0.055555,276.083282,0.000000,-0.000804,1.000000,0.000000,0.000163,0.090560
1763991481444,6.397328,272.309662,1.177481,-0.386344,-0.027099,0.999631,-0.001035,121.565184,25.069137,0.000117,213.651445,0.000000,753.094545,0.000000,0.000000,0.000000,0.000003,0.010935,0.004830,-0.034403,276.087799,0.000000,-0.000732,1.000000,0.000000,0.000117,0.090560
1763991481572,6.397328,272.309662,1.177422,-0.386342,-0.027103,0.999625,-0.001044,121.565184,25.069137,0.000083,213.652366,0.000000,753.073053,0.000000,0.000000,0.000000,0.000003,-0.002719,0.014065,-0.013110,276.092682,0.000000,-0.000068,1.000000,0.000000,0.000083,0.090561
1763991481658,6.397328,272.309662,1.177422,-0.386340,-0.027050,0.999627,-0.001040,121.565184,25.069137,0.000074,213.653238,0.000000,753.059866,0.000000,0.000000,0.000000,0.000003,0.003755,0.011923,0.011214,276.096588,0.000000,-0.003712,1.000000,0.000000,0.000074,0.090561
1763991481745,6.397328,272.309662,1.177456,-0.386326,-0.027136,0.999637,-0.001032,121.565184,25.069137,0.000099,213.653965,0.000000,753.052872,0.000000,0.000000,0.000000,0.000003,0.005181,0.004458,0.015161,276.100189,0.000000,-0.004864,1.000000,0.000000,0.000099,0.090561
1763991481855,6.397328,272.309662,1.177462,-0.386348,-0.027053,0.999631,-0.001025,121.565184,25.069137,0.000105,213.654885,0.000000,753.032181,0.000000,0.000000,0.000000,0.000003,-0.020069,0.009826,-0.005806,276.104889,0.000000,0.000174,1.000000,0.000000,0.000105,0.090561
1763991481935,6.397328,272.309662,1.177465,-0.386369,-0.027135,0.999637,-0.001017,121.565184,25.069137,0.000104,213.655612,0.000000,753.020815,0.000000,0.000000,0.000000,0.000003,-0.010139,0.008524,0.001534,276.108246,0.000000,-0.004215,1.000000,0.000000,0.000104,0.090561
1763991482050,6.397329,272.309662,1.177419,-0.386386,-0.027102,0.999632,-0.001011,121.565184,25.069137,0.000107,213.656605,0.000000,753.002747,0.000000,0.000000,0.000000,0.000003,-0.006729,0.008925,-0.047234,276.112946,0.000000,-0.000562,1.000000,0.000000,0.000107,0.090562
1763991482142,6.397330,272.309662,1.177370,-0.386372,-0.027037,0.999626,-0.000999,121.565184,25.069137,0.000043,213.657332,0.000000,753.002602,0.000000,0.000000,0.000000,0.000003,0.021995,-0.005190,-0.010749,276.116669,0.000000,-0.002067,1.000000,0.000000,0.000043,0.090563
1763991482272,6.397329,272.309631,1.177441,-0.386322,-0.027083,0.999626,-0.001003,121.565184,25.069137,0.000314,213.657671,0.000000,753.026498,0.000000,0.000000,0.000000,0.000003,0.012429,-0.020368,0.070122,276.121918,0.000000,0.015330,1.000000,0.000000,0.000314,0.090562
1763991482365,6.397328,272.309601,1.177574,-0.386306,-0.027118,0.999628,-0.001017,121.565184,25.069137,0.000264,213.657477,0.000000,753.034658,0.000000,0.000000,0.000000,0.000003,0.004748,-0.016108,0.079196,276.126160,0.000000,0.012698,1.000000,0.000000,0.000264,0.090561
1763991482460,6.397327,272.309601,1.177709,-0.386292,-0.027114,0.999624,-0.001025,121.565184,25.069137,0.000217,213.657259,0.000000,753.041361,0.000000,0.000000,0.000000,0.000002,0.009032,-0.013134,0.093377,276.130005,0.000000,0.009814,1.000000,0.000000,0.000217,0.090560
1763991482553,6.397326,272.309601,1.177865,-0.386301,-0.027056,0.999630,-0.001039,121.565184,25.069137,0.000179,213.656993,0.000000,753.039175,0.000000,0.000000,0.000000,0.000001,-0.008840,0.005113,0.085335,276.134094,0.000000,0.007861,1.000000,0.000000,0.000179,0.090559
1763991482638,6.397324,272.309601,1.177990,-0.386303,-0.027137,0.999635,-0.001041,121.565184,25.069137,0.000157,213.656896,0.000000,753.037208,0.000000,0.000000,0.000000,0.000000,0.005862,0.006908,0.087676,276.137695,0.000000,0.007048,1.000000,0.000000,0.000157,0.090558
1763991482749,6.397324,272.309601,1.178089,-0.386270,-0.027171,0.999650,-0.001038,121.565184,25.069137,0.000010,213.656896,0.000000,753.035678,0.000000,0.000000,0.000000,-0.000001,0.022375,0.001814,0.001544,276.142334,0.000000,-0.000063,1.000000,0.000000,0.000010,0.090557
1763991482850,6.397325,272.309601,1.177936,-0.386236,-0.027137,0.999650,-0.001036,121.565184,25.069137,0.000273,213.656944,0.000000,753.026498,0.000000,0.000000,0.000000,-0.000002,0.019040,0.004254,-0.158608,276.146301,0.000000,-0.001558,1.000000,0.000000,0.000273,0.090559
1763991482946,6.397328,272.309601,1.177665,-0.386227,-0.027005,0.999614,-0.001033,121.565184,25.069137,0.000202,213.657114,0.000000,753.025770,0.000000,0.000000,0.000000,-0.000001,-0.002652,0.004545,-0.128975,276.150452,0.000000,-0.001154,1.000000,0.000000,0.000202,0.090561
1763991483055,6.397328,272.309601,1.177605,-0.386248,-0.026981,0.999604,-0.001024,121.565184,25.069137,0.000237,213.657114,0.000000,753.038956,0.000000,0.000000,0.000000,-0.000000,-0.013453,0.006829,0.059577,276.155212,0.000000,0.011255,1.000000,0.000000,0.000237,0.090561
1763991483134,6.397327,272.309601,1.177788,-0.386266,-0.027064,0.999624,-0.001015,121.565184,25.069137,0.000371,213.656871,0.000000,753.050905,0.000000,0.000000,0.000000,-0.000000,-0.010372,0.003244,0.164110,276.158569,0.000000,0.017163,1.000000,0.000000,0.000371,0.090559
1763991483244,6.397324,272.309601,1.178063,-0.386274,-0.027344,0.999649,-0.001010,121.565184,25.069137,0.000081,213.656411,0.000000,753.057972,0.000000,0.000000,0.000000,-0.000001,-0.008357,-0.000766,0.086998,276.163208,0.000000,0.003638,1.000000,0.000000,0.000081,0.090558
1763991483335,6.397325,272.309601,1.177990,-0.386285,-0.027202,0.999657,-0.001011,121.565184,25.069137,0.000470,213.656314,0.000000,753.036844,0.000000,0.000000,0.000000,-0.000001,-0.002177,0.003456,-0.137781,276.166992,0.000000,-0.000964,1.000000,0.000000,0.000470,0.090558
1763991483453,6.397328,272.309601,1.177606,-0.386285,-0.026964,0.999618,-0.001019,121.565184,25.069137,0.000243,213.656629,0.000000,753.029558,0.000000,0.000000,0.000000,-0.000001,0.001719,0.004620,-0.160913,276.171997,0.000000,-0.001105,1.000000,0.000000,0.000243,0.090561
1763991483549,6.397328,272.309601,1.177522,-0.386295,-0.027085,0.999608,-0.001027,121.565184,25.069137,0.000058,213.656750,0.000000,753.034804,0.000000,0.000000,0.000000,0.000000,-0.009153,0.004057,0.026831,276.175903,0.000000,0.001765,1.000000,0.000000,0.000058,0.090561
1763991483658,6.397327,272.309601,1.177676,-0.386304,-0.027096,0.999635,-0.001029,121.565184,25.069137,0.000226,213.656775,0.000000,753.039102,0.000000,0.000000,0.000000,0.000000,0.000450,0.007522,0.118577,276.179993,0.000000,0.010460,1.000000,0.000000,0.000226,0.090560
1763991483757,6.397327,272.309601,1.177761,-0.386295,-0.027214,0.999647,-0.001031,121.565184,25.069137,0.000069,213.656823,0.000000,753.028028,0.000000,0.000000,0.000000,0.000000,0.003990,0.011801,-0.017739,276.184509,0.000000,-0.000518,1.000000,0.000000,0.000069,0.090560
1763991483854,6.397329,272.309601,1.177583,-0.386301,-0.027131,0.999641,-0.001035,121.565184,25.069137,0.000393,213.657211,0.000000,753.003039,0.000000,0.000000,0.000000,0.000000,-0.004644,0.021852,-0.155099,276.188660,0.000000,-0.001320,1.000000,0.000000,0.000393,0.090562
1763991483965,6.397331,272.309662,1.177295,-0.386288,-0.027000,0.999615,-0.001029,121.565184,25.069137,0.000104,213.657816,0.000000,753.001217,0.000000,0.000000,0.000000,0.000001,0.004069,0.018884,-0.123144,276.193024,0.000000,-0.001884,1.000000,0.000000,0.000104,0.090564
1763991484075,6.397332,272.309662,1.177225,-0.386282,-0.027022,0.999605,-0.001020,121.565184,25.069137,0.000314,213.658107,0.000000,753.014477,0.000000,0.000000,0.000000,0.000003,-0.002478,0.008642,0.031208,276.197418,0.000000,0.015640,1.000000,0.000000,0.000314,0.090565
1763991484149,6.397331,272.309662,1.177394,-0.386287,-0.026975,0.999612,-0.001014,121.565184,25.069137,0.000737,213.657961,0.000000,753.035678,0.000000,0.000000,0.000000,0.000003,-0.005501,-0.000333,0.176329,276.200836,0.000000,0.035654,1.000000,0.000000,0.000737,0.090564
1763991484255,6.397327,272.309692,1.177887,-0.386310,-0.027065,0.999621,-0.001010,121.565184,25.069137,0.000832,213.657332,0.000000,753.060303,0.000000,0.000000,0.000000,0.000003,-0.014118,-0.005575,0.311853,276.205353,0.000000,0.039225,1.000000,0.000000,0.000832,0.090559
1763991484344,6.397321,272.309662,1.178473,-0.386346,-0.027159,0.999621,-0.001008,121.565184,25.069137,0.000757,213.656557,0.000000,753.078663,0.000000,0.000000,0.000000,0.000001,-0.024064,-0.008039,0.386214,276.209381,0.000000,0.034692,1.000000,0.000000,0.000757,0.090555
1763991484449,6.397317,272.309692,1.179030,-0.386355,-0.027278,0.999675,-0.001006,121.565184,25.069137,0.000240,213.655684,0.000000,753.080703,0.000000,0.000000,0.000000,-0.000003,0.013887,-0.001651,0.144076,276.214203,0.000000,0.010773,1.000000,0.000000,0.000240,0.090550
1763991484547,6.397318,272.309692,1.178962,-0.386332,-0.027361,0.999668,-0.001027,121.565184,25.069137,0.000724,213.655418,0.000000,753.055640,0.000000,0.000000,0.000000,-0.000005,0.017124,-0.003217,-0.188832,276.218353,0.000000,-0.001369,1.000000,0.000000,0.000724,0.090550
1763991484652,6.397322,272.309692,1.178393,-0.386292,-0.027022,0.999632,-0.001038,121.565184,25.069137,0.000781,213.655733,0.000000,753.037936,0.000000,0.000000,0.000000,-0.000006,0.018691,-0.001335,-0.335800,276.222809,0.000000,-0.002399,1.000000,0.000000,0.000781,0.090555
1763991484748,6.397326,272.309692,1.177939,-0.386265,-0.026952,0.999603,-0.001045,121.565184,25.069137,0.000308,213.656096,0.000000,753.042016,0.000000,0.000000,0.000000,-0.000005,0.016251,-0.001512,-0.190904,276.226837,0.000000,-0.001364,1.000000,0.000000,0.000308,0.090559
1763991484844,6.397326,272.309692,1.177845,-0.386265,-0.026995,0.999605,-0.001048,121.565184,25.069137,0.000086,213.656145,0.000000,753.049520,0.000000,0.000000,0.000000,-0.000003,-0.008379,0.001229,0.035320,276.230927,0.000000,0.003597,1.000000,0.000000,0.000086,0.090559
1763991484942,6.397325,272.309692,1.177971,-0.386287,-0.027141,0.999633,-0.001043,121.565184,25.069137,0.000143,213.656096,0.000000,753.042089,0.000000,0.000000,0.000000,-0.000002,-0.022594,0.004470,0.079434,276.235016,0.000000,0.005749,1.000000,0.000000,0.000143,0.090558
1763991485052,6.397324,272.309692,1.178029,-0.386324,-0.027195,0.999645,-0.001024,121.565184,25.069137,0.000318,213.656508,0.000000,753.015570,0.000000,0.000000,0.000000,-0.000002,-0.015340,0.011719,-0.024931,276.239532,0.000000,-0.000047,1.000000,0.000000,0.000318,0.090557
1763991485162,6.397325,272.309662,1.177874,-0.386339,-0.027107,0.999639,-0.001010,121.565184,25.069137,0.000362,213.657307,0.000000,752.996409,0.000000,0.000000,0.000000,-0.000001,-0.001975,0.006182,-0.115863,276.243927,0.000000,-0.000843,1.000000,0.000000,0.000362,0.090559
1763991485248,6.397327,272.309662,1.177724,-0.386343,-0.027018,0.999623,-0.001005,121.565184,25.069137,0.000201,213.657961,0.000000,752.991965,0.000000,0.000000,0.000000,-0.000000,0.001012,0.000027,-0.072976,276.247589,0.000000,-0.000401,1.000000,0.000000,0.000201,0.090559
1763991485345,6.397327,272.309662,1.177692,-0.386349,-0.027025,0.999620,-0.001003,121.565184,25.069137,0.000037,213.658422,0.000000,752.994150,0.000000,0.000000,0.000000,0.000000,-0.003274,-0.006634,0.016189,276.251495,0.000000,0.001626,1.000000,0.000000,0.000037,0.090559
1763991485456,6.397325,272.309662,1.177834,-0.386368,-0.027091,0.999631,-0.001008,121.565184,25.069137,0.000137,213.658737,0.000000,752.994150,0.000000,0.000000,0.000000,0.000001,-0.014460,-0.008849,0.094649,276.255829,0.000000,0.005932,1.000000,0.000000,0.000137,0.090558
1763991485553,6.397324,272.309692,1.177972,-0.386392,-0.027162,0.999644,-0.001018,121.565184,25.069137,0.000093,213.659100,0.000000,752.977831,0.000000,0.000000,0.000000,0.000000,-0.009883,-0.003163,0.044888,276.260101,0.000000,0.000785,1.000000,0.000000,0.000093,0.090557
1763991485639,6.397325,272.309692,1.177925,-0.386381,-0.027185,0.999639,-0.001024,121.565184,25.069137,0.000274,213.659609,0.000000,752.959180,0.000000,0.000000,0.000000,-0.000000,0.011688,0.000053,-0.074273,276.263763,0.000000,-0.000717,1.000000,0.000000,0.000274,0.090558
1763991485762,6.397327,272.309662,1.177693,-0.386355,-0.027056,0.999637,-0.001033,121.565184,25.069137,0.000342,213.660650,0.000000,752.936522,0.000000,0.000000,0.000000,0.000000,0.015869,0.004650,-0.134849,276.268524,0.000000,-0.001133,1.000000,0.000000,0.000342,0.090560
1763991485854,6.397329,272.309662,1.177469,-0.386319,-0.027087,0.999626,-0.001035,121.565184,25.069137,0.000195,213.661450,0.000000,752.929455,0.000000,0.000000,0.000000,0.000001,0.024312,0.003997,-0.125363,276.272430,0.000000,-0.001251,1.000000,0.000000,0.000195,0.090562
1763991485942,6.397330,272.309662,1.177334,-0.386310,-0.027109,0.999619,-0.001039,121.565184,25.069137,0.000262,213.662079,0.000000,752.916195,0.000000,0.000000,0.000000,0.000002,-0.003917,0.007647,-0.070825,276.275970,0.000000,-0.000387,1.000000,0.000000,0.000262,0.090563
1763991486056,6.397331,272.309692,1.177288,-0.386319,-0.027033,0.999620,-0.001032,121.565184,25.069137,0.000134,213.662927,0.000000,752.908982,0.000000,0.000000,0.000000,0.000003,-0.001046,0.008704,0.022397,276.280426,0.000000,-0.006691,1.000000,0.000000,0.000134,0.090564
1763991486143,6.397330,272.309662,1.177381,-0.386327,-0.027134,0.999630,-0.001026,121.565184,25.069137,0.000162,213.663412,0.000000,752.904611,0.000000,0.000000,0.000000,0.000004,-0.008265,0.010148,0.067778,276.284088,0.000000,0.007763,1.000000,0.000000,0.000162,0.090563
1763991486259,6.397330,272.309662,1.177461,-0.386354,-0.027078,0.999627,-0.001016,121.565184,25.069137,0.000125,213.664138,0.000000,752.889749,0.000000,0.000000,0.000000,0.000004,-0.011014,0.005812,0.039434,276.288727,0.000000,0.006023,1.000000,0.000000,0.000125,0.090563
1763991486341,6.397329,272.309662,1.177537,-0.386370,-0.027031,0.999624,-0.001010,121.565184,25.069137,0.000222,213.664623,0.000000,752.888146,0.000000,0.000000,0.000000,0.000004,-0.011801,0.006717,0.066689,276.292145,0.000000,0.010682,1.000000,0.000000,0.000222,0.090562
1763991486439,6.397329,272.309662,1.177660,-0.386377,-0.027101,0.999638,-0.001006,121.565184,25.069137,0.000305,213.665010,0.000000,752.890841,0.000000,0.000000,0.000000,0.000003,0.001170,0.004340,0.053050,276.296417,0.000000,-0.015153,1.000000,0.000000,0.000305,0.090561
1763991486546,6.397329,272.309662,1.177685,-0.386373,-0.027211,0.999639,-0.001010,121.565184,25.069137,0.000063,213.665204,0.000000,752.883993,0.000000,0.000000,0.000000,0.000003,0.001950,0.005164,-0.029806,276.300659,0.000000,-0.001104,1.000000,0.000000,0.000063,0.090562
1763991486637,6.397330,272.309662,1.177585,-0.386354,-0.027011,0.999622,-0.001013,121.565184,25.069137,0.000110,213.665543,0.000000,752.886324,0.000000,0.000000,0.000000,0.000003,0.017483,0.001199,-0.056328,276.304443,0.000000,-0.004596,1.000000,0.000000,0.000110,0.090563
1763991486736,6.397330,272.309662,1.177609,-0.386307,-0.027056,0.999612,-0.001016,121.565184,25.069137,0.000350,213.665422,0.000000,752.911751,0.000000,0.000000,0.000000,0.000003,0.031415,-0.009584,0.072235,276.308533,0.000000,0.017004,1.000000,0.000000,0.000350,0.090563
1763991486852,6.397328,272.309692,1.177857,-0.386273,-0.027101,0.999622,-0.001026,121.565184,25.069137,0.000372,213.664720,0.000000,752.934992,0.000000,0.000000,0.000000,0.000002,0.007168,-0.015635,0.158407,276.313232,0.000000,0.017141,1.000000,0.000000,0.000372,0.090560
1763991486934,6.397326,272.309692,1.178090,-0.386256,-0.027092,0.999640,-0.001030,121.565184,25.069137,0.000369,213.664090,0.000000,752.949636,0.000000,0.000000,0.000000,0.000001,0.013013,-0.018833,0.147168,276.316772,0.000000,0.017330,1.000000,0.000000,0.000369,0.090559
1763991487042,6.397324,272.309692,1.178268,-0.386222,-0.027227,0.999648,-0.001034,121.565184,25.069137,0.000082,213.663194,0.000000,752.959835,0.000000,0.000000,0.000000,-0.000001,0.016854,-0.010240,0.024618,276.321411,0.000000,0.003874,1.000000,0.000000,0.000082,0.090558
1763991487139,6.397325,272.309692,1.178161,-0.386201,-0.027142,0.999638,-0.001042,121.565184,25.069137,0.000213,213.662661,0.000000,752.956776,0.000000,0.000000,0.000000,-0.000001,0.005941,-0.008993,-0.114902,276.325378,0.000000,-0.000923,1.000000,0.000000,0.000213,0.090559
1763991487232,6.397327,272.309692,1.177973,-0.386194,-0.027113,0.999625,-0.001044,121.565184,25.069137,0.000196,213.662322,0.000000,752.959107,0.000000,0.000000,0.000000,-0.000002,0.005301,-0.004560,-0.105518,276.329285,0.000000,-0.000855,1.000000,0.000000,0.000196,0.090560
1763991487342,6.397328,272.309692,1.177826,-0.386177,-0.027042,0.999618,-0.001035,121.565184,25.069137,0.000080,213.661934,0.000000,752.973605,0.000000,0.000000,0.000000,-0.000001,0.012494,-0.005344,-0.040240,276.333679,0.000000,-0.002355,1.000000,0.000000,0.000080,0.090561
1763991487451,6.397328,272.309692,1.177821,-0.386170,-0.027023,0.999626,-0.001026,121.565184,25.069137,0.000213,213.661256,0.000000,752.994587,0.000000,0.000000,0.000000,-0.000000,-0.002483,-0.013751,0.020937,276.338318,0.000000,0.010603,1.000000,0.000000,0.000213,0.090561
1763991487535,6.397328,272.309692,1.177915,-0.386181,-0.027076,0.999610,-0.001017,121.565184,25.069137,0.000360,213.660529,0.000000,753.015206,0.000000,0.000000,0.000000,-0.000000,-0.009848,-0.017098,0.105204,276.341797,0.000000,0.017202,1.000000,0.000000,0.000360,0.090560
1763991487650,6.397325,272.309631,1.178241,-0.386200,-0.027095,0.999627,-0.001008,121.565184,25.069137,0.000562,213.659270,0.000000,753.049739,0.000000,0.000000,0.000000,-0.000001,-0.004091,-0.023389,0.197973,276.346680,0.000000,0.026661,1.000000,0.000000,0.000562,0.090558
1763991487737,6.397322,272.309601,1.178533,-0.386226,-0.027185,0.999635,-0.001012,121.565184,25.069137,0.000360,213.658155,0.000000,753.064529,0.000000,0.000000,0.000000,-0.000002,-0.020604,-0.016953,0.174378,276.350403,0.000000,0.016811,1.000000,0.000000,0.000360,0.090555
1763991487856,6.397320,272.309601,1.178739,-0.386277,-0.027201,0.999647,-0.001022,121.565184,25.069137,0.000163,213.657017,0.000000,753.056442,0.000000,0.000000,0.000000,-0.000003,-0.024491,-0.000007,0.023756,276.355438,0.000000,0.000450,1.000000,0.000000,0.000163,0.090553
1763991487945,6.397320,272.309601,1.178706,-0.386308,-0.027100,0.999632,-0.001028,121.565184,25.069137,0.000194,213.656678,0.000000,753.048428,0.000000,0.000000,0.000000,-0.000004,-0.016461,0.008924,-0.037687,276.359039,0.000000,-0.000024,1.000000,0.000000,0.000194,0.090553
1763991488035,6.397321,272.309601,1.178654,-0.386339,-0.027100,0.999633,-0.001035,121.565184,25.069137,0.000203,213.656605,0.000000,753.037572,0.000000,0.000000,0.000000,-0.000005,-0.016404,0.018087,-0.034860,276.362823,0.000000,-0.000036,1.000000,0.000000,0.000203,0.090554
1763991488162,6.397320,272.309662,1.178624,-0.386378,-0.027183,0.999632,-0.001037,121.565184,25.069137,0.000294,213.656847,0.000000,753.017610,0.000000,0.000000,0.000000,-0.000005,-0.021592,0.023965,-0.011625,276.367950,0.000000,0.000180,1.000000,0.000000,0.000294,0.090553
1763991488257,6.397321,272.309723,1.178515,-0.386402,-0.027124,0.999646,-0.001028,121.565184,25.069137,0.000498,213.657477,0.000000,752.988686,0.000000,0.000000,0.000000,-0.000005,-0.006787,0.024169,-0.106982,276.371979,0.000000,-0.000501,1.000000,0.000000,0.000498,0.090554
1763991488344,6.397323,272.309753,1.178270,-0.386393,-0.027102,0.999637,-0.001018,121.565184,25.069137,0.000542,213.658349,0.000000,752.968724,0.000000,0.000000,0.000000,-0.000005,0.012534,0.011971,-0.180283,276.375702,0.000000,-0.001142,1.000000,0.000000,0.000542,0.090556
1763991488444,6.397325,272.309753,1.177949,-0.386378,-0.027092,0.999631,-0.001019,121.565184,25.069137,0.000558,213.659318,0.000000,752.950947,0.000000,0.000000,0.000000,-0.000003,0.006946,0.002041,-0.207502,276.379456,0.000000,-0.001544,1.000000,0.000000,0.000558,0.090559
1763991488547,6.397328,272.309753,1.177613,-0.386353,-0.026967,0.999622,-0.001014,121.565184,25.069137,0.000253,213.660360,0.000000,752.943662,0.000000,0.000000,0.000000,-0.000001,0.020681,-0.009406,-0.162933,276.383667,0.000000,-0.001273,1.000000,0.000000,0.000253,0.090561
1763991488643,6.397329,272.309692,1.177511,-0.386323,-0.027035,0.999617,-0.001013,121.565184,25.069137,0.000081,213.660917,0.000000,752.956047,0.000000,0.000000,0.000000,0.000001,0.009367,-0.021219,0.006571,276.387695,0.000000,-0.004010,1.000000,0.000000,0.000081,0.090562
1763991488733,6.397329,272.309692,1.177568,-0.386318,-0.027076,0.999628,-0.001016,121.565184,25.069137,0.000168,213.661110,0.000000,752.958816,0.000000,0.000000,0.000000,0.000002,-0.000200,-0.018136,0.050772,276.391479,0.000000,0.008270,1.000000,0.000000,0.000168,0.090562
1763991488845,6.397327,272.309692,1.177742,-0.386338,-0.027085,0.999625,-0.001019,121.565184,25.069137,0.000202,213.661256,0.000000,752.955318,0.000000,0.000000,0.000000,0.000003,-0.010032,-0.010658,0.117221,276.395996,0.000000,0.008980,1.000000,0.000000,0.000202,0.090560
1763991488937,6.397326,272.309692,1.177918,-0.386345,-0.027112,0.999639,-0.001022,121.565184,25.069137,0.000257,213.661401,0.000000,752.953716,0.000000,0.000000,0.000000,0.000003,-0.001069,-0.000987,0.099948,276.399658,0.000000,0.012368,1.000000,0.000000,0.000257,0.090559
1763991489056,6.397326,272.309692,1.177984,-0.386328,-0.027202,0.999646,-0.001024,121.565184,25.069137,0.000108,213.661692,0.000000,752.942059,0.000000,0.000000,0.000000,0.000002,0.019186,0.000305,-0.043475,276.404541,0.000000,-0.000779,1.000000,0.000000,0.000108,0.090559
1763991489128,6.397328,272.309692,1.177838,-0.386294,-0.027112,0.999631,-0.001025,121.565184,25.069137,0.000178,213.661958,0.000000,752.939436,0.000000,0.000000,0.000000,0.000002,0.026313,-0.003927,-0.127906,276.407776,0.000000,-0.001382,1.000000,0.000000,0.000178,0.090561
1763991489258,6.397330,272.309692,1.177626,-0.386263,-0.026996,0.999617,-0.001031,121.565184,25.069137,0.000081,213.662176,0.000000,752.947887,0.000000,0.000000,0.000000,0.000003,0.005681,-0.006779,-0.040675,276.412842,0.000000,-0.003659,1.000000,0.000000,0.000081,0.090563
1763991489338,6.397330,272.309692,1.177666,-0.386264,-0.027012,0.999614,-0.001033,121.565184,25.069137,0.000337,213.662079,0.000000,752.959326,0.000000,0.000000,0.000000,0.000003,-0.004493,-0.005359,0.074840,276.416199,0.000000,0.016404,1.000000,0.000000,0.000337,0.090563
1763991489446,6.397328,272.309692,1.177915,-0.386280,-0.027132,0.999631,-0.001028,121.565184,25.069137,0.000429,213.661716,0.000000,752.970400,0.000000,0.000000,0.000000,0.000003,-0.004167,-0.001692,0.149023,276.420715,0.000000,0.020569,1.000000,0.000000,0.000429,0.090561
1763991489559,6.397326,272.309692,1.178180,-0.386282,-0.027169,0.999632,-0.001019,121.565184,25.069137,0.000261,213.661304,0.000000,752.979069,0.000000,0.000000,0.000000,0.000002,-0.000027,-0.005757,0.126551,276.425354,0.000000,0.012025,1.000000,0.000000,0.000261,0.090559
1763991489647,6.397324,272.309692,1.178335,-0.386288,-0.027122,0.999636,-0.001017,121.565184,25.069137,0.000230,213.660965,0.000000,752.986501,0.000000,0.000000,0.000000,0.000001,-0.006621,-0.007856,0.087128,276.428955,0.000000,0.010911,1.000000,0.000000,0.000230,0.090558
1763991489735,6.397324,272.309692,1.178429,-0.386296,-0.027181,0.999641,-0.001018,121.565184,25.069137,0.000099,213.660578,0.000000,752.990216,0.000000,0.000000,0.000000,-0.000000,-0.006460,-0.006838,0.039386,276.432617,0.000000,0.004854,1.000000,0.000000,0.000099,0.090557
1763991489856,6.397324,272.309692,1.178406,-0.386320,-0.027121,0.999633,-0.001024,121.565184,25.069137,0.000180,213.660311,0.000000,752.978268,0.000000,0.000000,0.000000,-0.000001,-0.009545,0.001023,-0.044894,276.437561,0.000000,-0.000122,1.000000,0.000000,0.000180,0.090557
1763991489948,6.397325,272.309692,1.178300,-0.386312,-0.027112,0.999637,-0.001024,121.565184,25.069137,0.000121,213.660311,0.000000,752.977904,0.000000,0.000000,0.000000,-0.000002,0.009784,-0.000797,-0.078541,276.441406,0.000000,-0.000684,1.000000,0.000000,0.000121,0.090558
1763991490037,6.397326,272.309692,1.178149,-0.386292,-0.027155,0.999634,-0.001026,121.565184,25.069137,0.000247,213.660311,0.000000,752.975572,0.000000,0.000000,0.000000,-0.000001,0.013603,-0.002796,-0.113734,276.445129,0.000000,-0.000893,1.000000,0.000000,0.000247,0.090559
1763991490149,6.397328,272.309692,1.177935,-0.386269,-0.027008,0.999631,-0.001027,121.565184,25.069137,0.000106,213.660432,0.000000,752.977831,0.000000,0.000000,0.000000,-0.000001,0.014466,-0.006107,-0.091604,276.449829,0.000000,-0.000667,1.000000,0.000000,0.000106,0.090560
1763991490234,6.397328,272.309692,1.177870,-0.386251,-0.027032,0.999619,-0.001026,121.565184,25.069137,0.000102,213.660287,0.000000,752.990653,0.000000,0.000000,0.000000,0.000000,0.009571,-0.009697,-0.010783,276.453308,0.000000,-0.004907,1.000000,0.000000,0.000102,0.090561
1763991490342,6.397328,272.309692,1.177899,-0.386228,-0.027076,0.999624,-0.001022,121.565184,25.069137,0.000215,213.659851,0.000000,753.009231,0.000000,0.000000,0.000000,0.000001,0.013299,-0.013639,0.031356,276.458008,0.000000,-0.010720,1.000000,0.000000,0.000215,0.090561
1763991490437,6.397328,272.309692,1.177963,-0.386203,-0.027080,0.999629,-0.001019,121.565184,25.069137,0.000279,213.659221,0.000000,753.030651,0.000000,0.000000,0.000000,0.000001,0.015656,-0.017386,0.039799,276.461975,0.000000,-0.013908,1.000000,0.000000,0.000279,0.090561
1763991490551,6.397328,272.309662,1.178035,-0.386181,-0.027136,0.999634,-0.001019,121.565184,25.069137,0.000226,213.658325,0.000000,753.052216,0.000000,0.000000,0.000000,0.000001,0.015128,-0.020401,0.030279,276.466064,0.000000,-0.011244,1.000000,0.000000,0.000226,0.090561
1763991490667,6.397328,272.309601,1.178098,-0.386159,-0.027057,0.999616,-0.001024,121.565184,25.069137,0.000457,213.656944,0.000000,753.089518,0.000000,0.000000,0.000000,0.000001,0.005482,-0.026025,0.076147,276.471375,0.000000,0.022402,1.000000,0.000000,0.000457,0.090561
1763991490745,6.397326,272.309540,1.178293,-0.386165,-0.027066,0.999621,-0.001027,121.565184,25.069137,0.000553,213.655854,0.000000,753.114216,0.000000,0.000000,0.000000,0.000001,-0.004154,-0.022813,0.174759,276.474670,0.000000,0.026349,1.000000,0.000000,0.000553,0.090559
1763991490853,6.397322,272.309509,1.178717,-0.386167,-0.027162,0.999624,-0.001025,121.565184,25.069137,0.000549,213.654134,0.000000,753.149259,0.000000,0.000000,0.000000,-0.000000,0.002385,-0.015445,0.241047,276.479370,0.000000,0.025556,1.000000,0.000000,0.000549,0.090555
1763991490964,6.397319,272.309509,1.179079,-0.386173,-0.027217,0.999649,-0.001026,121.565184,25.069137,0.000197,213.652366,0.000000,753.169805,0.000000,0.000000,0.000000,-0.000002,-0.000375,-0.005550,0.125207,276.484070,0.000000,0.008971,1.000000,0.000000,0.000197,0.090552
1763991491038,6.397319,272.309509,1.179112,-0.386173,-0.027295,0.999651,-0.001030,121.565184,25.069137,0.000239,213.651348,0.000000,753.170023,0.000000,0.000000,0.000000,-0.000004,0.000507,0.002486,-0.032563,276.487244,0.000000,-0.000277,1.000000,0.000000,0.000239,0.090552
1763991491146,6.397322,272.309509,1.178850,-0.386171,-0.027085,0.999637,-0.001034,121.565184,25.069137,0.000463,213.650476,0.000000,753.167838,0.000000,0.000000,0.000000,-0.000005,0.006051,0.010464,-0.186339,276.491791,0.000000,-0.001278,1.000000,0.000000,0.000463,0.090555
1763991491275,6.397324,272.309509,1.178571,-0.386154,-0.027140,0.999610,-0.001034,121.565184,25.069137,0.000218,213.649604,0.000000,753.189913,0.000000,0.000000,0.000000,-0.000004,0.007111,0.008837,-0.084151,276.496735,0.000000,-0.000530,1.000000,0.000000,0.000218,0.090557
1763991491360,6.397323,272.309509,1.178542,-0.386160,-0.027091,0.999617,-0.001033,121.565184,25.069137,0.000074,213.648781,0.000000,753.206669,0.000000,0.000000,0.000000,-0.000003,-0.007483,0.008062,0.023446,276.500702,0.000000,0.000821,1.000000,0.000000,0.000074,0.090557
1763991491480,6.397323,272.309509,1.178612,-0.386190,-0.027171,0.999625,-0.001030,121.565184,25.069137,0.000076,213.647715,0.000000,753.217598,0.000000,0.000000,0.000000,-0.000003,-0.016173,0.014305,0.032480,276.505951,0.000000,0.001333,1.000000,0.000000,0.000076,0.090556
1763991491551,6.397323,272.309601,1.178585,-0.386225,-0.027304,0.999643,-0.001029,121.565184,25.069137,0.000407,213.647327,0.000000,753.203391,0.000000,0.000000,0.000000,-0.000002,-0.028522,0.024174,-0.058890,276.509064,0.000000,-0.000441,1.000000,0.000000,0.000407,0.090556
1763991491661,6.397325,272.309662,1.178321,-0.386253,-0.027083,0.999630,-0.001020,121.565184,25.069137,0.000389,213.647279,0.000000,753.191078,0.000000,0.000000,0.000000,-0.000002,-0.008712,0.021747,-0.161060,276.513580,0.000000,-0.001182,1.000000,0.000000,0.000389,0.090559
1763991491759,6.397327,272.309692,1.178114,-0.386279,-0.026992,0.999608,-0.001016,121.565184,25.069137,0.000102,213.647400,0.000000,753.192900,0.000000,0.000000,0.000000,-0.000000,-0.009411,0.008336,-0.058070,276.517792,0.000000,-0.000319,1.000000,0.000000,0.000102,0.090560
1763991491850,6.397325,272.309692,1.178224,-0.386317,-0.027033,0.999610,-0.001014,121.565184,25.069137,0.000209,213.647279,0.000000,753.200477,0.000000,0.000000,0.000000,0.000000,-0.027164,0.000836,0.141669,276.521759,0.000000,0.008781,1.000000,0.000000,0.000209,0.090559
1763991491955,6.397323,272.309692,1.178519,-0.386333,-0.027142,0.999628,-0.001008,121.565184,25.069137,0.000290,213.647061,0.000000,753.209219,0.000000,0.000000,0.000000,0.000000,-0.006216,-0.006653,0.189038,276.525787,0.000000,0.012950,1.000000,0.000000,0.000290,0.090556
1763991492075,6.397321,272.309692,1.178751,-0.386357,-0.027284,0.999643,-0.001016,121.565184,25.069137,0.000328,213.646916,0.000000,753.190131,0.000000,0.000000,0.000000,-0.000001,-0.012812,-0.005028,0.045099,276.530640,0.000000,0.000614,1.000000,0.000000,0.000328,0.090554
1763991492155,6.397321,272.309692,1.178721,-0.386386,-0.027124,0.999647,-0.001026,121.565184,25.069137,0.000420,213.647255,0.000000,753.168785,0.000000,0.000000,0.000000,-0.000002,-0.019163,0.005310,-0.059159,276.533936,0.000000,-0.000254,1.000000,0.000000,0.000420,0.090554
1763991492262,6.397323,272.309723,1.178493,-0.386407,-0.027099,0.999634,-0.001031,121.565184,25.069137,0.000463,213.648224,0.000000,753.135490,0.000000,0.000000,0.000000,-0.000002,-0.001452,0.017122,-0.136264,276.538696,0.000000,-0.000854,1.000000,0.000000,0.000463,0.090556
1763991492366,6.397324,272.309753,1.178279,-0.386413,-0.027086,0.999624,-0.001033,121.565184,25.069137,0.000314,213.649314,0.000000,753.113560,0.000000,0.000000,0.000000,-0.000002,-0.003485,0.016954,-0.103088,276.542847,0.000000,-0.000632,1.000000,0.000000,0.000314,0.090557
1763991492462,6.397326,272.309753,1.178069,-0.386391,-0.027120,0.999639,-0.001028,121.565184,25.069137,0.000289,213.650380,0.000000,753.094836,0.000000,0.000000,0.000000,-0.000001,0.018022,0.010649,-0.146578,276.546753,0.000000,-0.001315,1.000000,0.000000,0.000289,0.090559
1763991492546,6.397329,272.309753,1.177777,-0.386352,-0.027114,0.999631,-0.001021,121.565184,25.069137,0.000424,213.651445,0.000000,753.077060,0.000000,0.000000,0.000000,0.000001,0.022663,0.000797,-0.196903,276.550568,0.000000,-0.001583,1.000000,0.000000,0.000424,0.090562
1763991492653,6.397331,272.309753,1.177464,-0.386326,-0.027069,0.999621,-0.001020,121.565184,25.069137,0.000193,213.652584,0.000000,753.069046,0.000000,0.000000,0.000000,0.000003,0.012439,-0.001191,-0.126824,276.554840,0.000000,-0.001265,1.000000,0.000000,0.000193,0.090565
1763991492735,6.397333,272.309753,1.177347,-0.386312,-0.027001,0.999620,-0.001018,121.565184,25.069137,0.000080,213.653214,0.000000,753.070503,0.000000,0.000000,0.000000,0.000004,0.006595,-0.008047,-0.057021,276.558075,0.000000,-0.003014,1.000000,0.000000,0.000080,0.090566
1763991492856,6.397334,272.309753,1.177337,-0.386302,-0.027065,0.999624,-0.001015,121.565184,25.069137,0.000225,213.653795,0.000000,753.073417,0.000000,0.000000,0.000000,0.000006,0.006253,-0.013596,0.024518,276.563019,0.000000,-0.011133,1.000000,0.000000,0.000225,0.090567
1763991492958,6.397333,272.309723,1.177433,-0.386284,-0.027046,0.999622,-0.001013,121.565184,25.069137,0.000367,213.653965,0.000000,753.084200,0.000000,0.000000,0.000000,0.000007,0.009618,-0.021661,0.081550,276.566986,0.000000,0.017911,1.000000,0.000000,0.000367,0.090566
1763991493066,6.397331,272.309692,1.177652,-0.386268,-0.027065,0.999622,-0.001014,121.565184,25.069137,0.000500,213.653795,0.000000,753.101466,0.000000,0.000000,0.000000,0.000007,0.010937,-0.025393,0.148246,276.571259,0.000000,0.024009,1.000000,0.000000,0.000500,0.090564
1763991493139,6.397330,272.309662,1.177873,-0.386243,-0.027082,0.999629,-0.001014,121.565184,25.069137,0.000604,213.653407,0.000000,753.120554,0.000000,0.000000,0.000000,0.000006,0.021387,-0.029611,0.175957,276.574371,0.000000,0.029063,1.000000,0.000000,0.000604,0.090563
1763991493257,6.397327,272.309601,1.178216,-0.386236,-0.027107,0.999630,-0.001028,121.565184,25.069137,0.000546,213.652584,0.000000,753.140080,0.000000,0.000000,0.000000,0.000004,-0.004082,-0.021380,0.178787,276.578918,0.000000,0.026182,1.000000,0.000000,0.000546,0.090560
1763991493364,6.397325,272.309540,1.178540,-0.386261,-0.027133,0.999629,-0.001037,121.565184,25.069137,0.000441,213.651712,0.000000,753.148531,0.000000,0.000000,0.000000,0.000002,-0.010423,0.002642,0.151835,276.583801,0.000000,0.021134,1.000000,0.000000,0.000441,0.090558
1763991493466,6.397323,272.309540,1.178796,-0.386268,-0.027174,0.999635,-0.001034,121.565184,25.069137,0.000240,213.651058,0.000000,753.155598,0.000000,0.000000,0.000000,-0.000000,-0.000834,0.013176,0.121812,276.588196,0.000000,0.011066,1.000000,0.000000,0.000240,0.090556
1763991493561,6.397322,272.309601,1.178898,-0.386267,-0.027202,0.999655,-0.001034,121.565184,25.069137,0.000030,213.650573,0.000000,753.154578,0.000000,0.000000,0.000000,-0.000002,-0.001432,0.017574,-0.001406,276.592224,0.000000,-0.000116,1.000000,0.000000,0.000030,0.090555
1763991493648,6.397323,272.309601,1.178784,-0.386257,-0.027143,0.999624,-0.001031,121.565184,25.069137,0.000219,213.650331,0.000000,753.152756,0.000000,0.000000,0.000000,-0.000003,-0.000293,0.013045,-0.096175,276.595947,0.000000,-0.000661,1.000000,0.000000,0.000219,0.090556
1763991493748,6.397324,272.309601,1.178658,-0.386250,-0.027012,0.999620,-0.001024,121.565184,25.069137,0.000043,213.650137,0.000000,753.163102,0.000000,0.000000,0.000000,-0.000003,0.009649,0.008095,-0.041979,276.599915,0.000000,-0.000102,1.000000,0.000000,0.000043,0.090557
1763991493839,6.397323,272.309601,1.178751,-0.386252,-0.027115,0.999613,-0.001022,121.565184,25.069137,0.000354,213.649556,0.000000,753.189986,0.000000,0.000000,0.000000,-0.000003,-0.009763,0.001868,0.120319,276.604004,0.000000,0.016834,1.000000,0.000000,0.000354,0.090556
1763991493947,6.397321,272.309601,1.178982,-0.386279,-0.027256,0.999648,-0.001020,121.565184,25.069137,0.000160,213.648757,0.000000,753.187217,0.000000,0.000000,0.000000,-0.000004,-0.012165,0.005410,0.056890,276.608704,0.000000,0.000757,1.000000,0.000000,0.000160,0.090554
1763991494054,6.397322,272.309601,1.178856,-0.386265,-0.027257,0.999656,-0.001016,121.565184,25.069137,0.000502,213.648466,0.000000,753.176872,0.000000,0.000000,0.000000,-0.000005,0.019126,0.002193,-0.168771,276.613159,0.000000,-0.001352,1.000000,0.000000,0.000502,0.090555
1763991494143,6.397325,272.309601,1.178501,-0.386242,-0.027160,0.999642,-0.001023,121.565184,25.069137,0.000664,213.648514,0.000000,753.168275,0.000000,0.000000,0.000000,-0.000004,0.014129,0.002507,-0.296968,276.616455,0.000000,-0.002444,1.000000,0.000000,0.000664,0.090558
1763991494241,6.397329,272.309601,1.177977,-0.386223,-0.026903,0.999618,-0.001030,121.565184,25.069137,0.000409,213.648708,0.000000,753.167109,0.000000,0.000000,0.000000,-0.000002,0.008690,0.004097,-0.259082,276.620605,0.000000,-0.001966,1.000000,0.000000,0.000409,0.090562
1763991494337,6.397331,272.309601,1.177766,-0.386224,-0.026911,0.999597,-0.001034,121.565184,25.069137,0.000322,213.648611,0.000000,753.188747,0.000000,0.000000,0.000000,0.000000,-0.004411,0.006235,-0.011334,276.624634,0.000000,-0.015762,1.000000,0.000000,0.000322,0.090564
1763991494465,6.397330,272.309601,1.178020,-0.386234,-0.027112,0.999616,-0.001026,121.565184,25.069137,0.000618,213.647860,0.000000,753.216141,0.000000,0.000000,0.000000,0.000002,-0.003291,0.007765,0.177771,276.629852,0.000000,0.029896,1.000000,0.000000,0.000618,0.090563
1763991494559,6.397327,272.309601,1.178326,-0.386243,-0.027242,0.999632,-0.001020,121.565184,25.069137,0.000247,213.647109,0.000000,753.223936,0.000000,0.000000,0.000000,0.000003,-0.009988,0.006609,0.165492,276.633881,0.000000,0.011046,1.000000,0.000000,0.000247,0.090560
1763991494649,6.397325,272.309601,1.178566,-0.386281,-0.027066,0.999626,-0.001019,121.565184,25.069137,0.000372,213.646504,0.000000,753.232242,0.000000,0.000000,0.000000,0.000002,-0.028803,0.009868,0.155929,276.637909,0.000000,0.017343,1.000000,0.000000,0.000372,0.090558
1763991494735,6.397323,272.309601,1.178832,-0.386327,-0.027176,0.999626,-0.001018,121.565184,25.069137,0.000304,213.646019,0.000000,753.235593,0.000000,0.000000,0.000000,0.000001,-0.029191,0.016532,0.184769,276.641571,0.000000,0.013644,1.000000,0.000000,0.000304,0.090556
1763991494848,6.397320,272.309662,1.179108,-0.386380,-0.027176,0.999639,-0.001017,121.565184,25.069137,0.000080,213.645680,0.000000,753.222042,0.000000,0.000000,0.000000,-0.000001,-0.017950,0.020781,0.097303,276.646454,0.000000,0.001423,1.000000,0.000000,0.000080,0.090553
1763991494936,6.397319,272.309662,1.179177,-0.386363,-0.027136,0.999647,-0.001008,121.565184,25.069137,0.000096,213.645656,0.000000,753.224082,0.000000,0.000000,0.000000,-0.000003,0.030323,0.006593,0.009084,276.650177,0.000000,0.000307,1.000000,0.000000,0.000096,0.090552
1763991495047,6.397320,272.309662,1.179022,-0.386293,-0.027256,0.999649,-0.001017,121.565184,25.069137,0.000515,213.645486,0.000000,753.226413,0.000000,0.000000,0.000000,-0.000004,0.025229,-0.010070,-0.158881,276.654938,0.000000,-0.001259,1.000000,0.000000,0.000515,0.090553
1763991495155,6.397324,272.309662,1.178573,-0.386255,-0.027075,0.999624,-0.001034,121.565184,25.069137,0.000660,213.645535,0.000000,753.215121,0.000000,0.000000,0.000000,-0.000004,0.010334,-0.006427,-0.267878,276.659332,0.000000,-0.001904,1.000000,0.000000,0.000660,0.090557
1763991495240,6.397327,272.309662,1.178248,-0.386232,-0.027049,0.999612,-0.001039,121.565184,25.069137,0.000358,213.645632,0.000000,753.219346,0.000000,0.000000,0.000000,-0.000002,0.015817,-0.005929,-0.172451,276.662933,0.000000,-0.001186,1.000000,0.000000,0.000358,0.090560
1763991495345,6.397327,272.309662,1.178144,-0.386228,-0.027072,0.999604,-0.001045,121.565184,25.069137,0.000104,213.645535,0.000000,753.232533,0.000000,0.000000,0.000000,-0.000001,-0.011227,-0.001523,0.042432,276.667389,0.000000,0.004893,1.000000,0.000000,0.000104,0.090560
1763991495452,6.397327,272.309662,1.178273,-0.386223,-0.027098,0.999632,-0.001033,121.565184,25.069137,0.000169,213.645341,0.000000,753.239090,0.000000,0.000000,0.000000,0.000001,0.015371,-0.000466,0.077281,276.671661,0.000000,0.007974,1.000000,0.000000,0.000169,0.090559
1763991495537,6.397326,272.309662,1.178378,-0.386206,-0.027129,0.999636,-0.001023,121.565184,25.069137,0.000117,213.645050,0.000000,753.247906,0.000000,0.000000,0.000000,0.000001,0.007468,-0.003793,0.049970,276.675385,0.000000,0.005243,1.000000,0.000000,0.000117,0.090559
1763991495648,6.397325,272.309662,1.178454,-0.386204,-0.027089,0.999626,-0.001016,121.565184,25.069137,0.000188,213.644566,0.000000,753.262549,0.000000,0.000000,0.000000,0.000001,-0.005656,-0.009330,0.047692,276.679962,0.000000,0.009193,1.000000,0.000000,0.000188,0.090558
1763991495760,6.397325,272.309662,1.178557,-0.386230,-0.027126,0.999627,-0.001016,121.565184,25.069137,0.000164,213.643960,0.000000,753.272094,0.000000,0.000000,0.000000,0.000001,-0.020378,-0.007685,0.060885,276.684479,0.000000,0.007856,1.000000,0.000000,0.000164,0.090558
1763991495842,6.397324,272.309662,1.178648,-0.386265,-0.027121,0.999633,-0.001017,121.565184,25.069137,0.000048,213.643549,0.000000,753.269471,0.000000,0.000000,0.000000,0.000000,-0.017287,-0.002244,0.047150,276.688141,0.000000,0.001854,1.000000,0.000000,0.000048,0.090557
1763991495941,6.397323,272.309662,1.178729,-0.386270,-0.027098,0.999623,-0.001014,121.565184,25.069137,0.000107,213.643185,0.000000,753.278213,0.000000,0.000000,0.000000,-0.000000,0.004462,-0.005550,0.056382,276.692413,0.000000,0.004847,1.000000,0.000000,0.000107,0.090556
1763991496044,6.397322,272.309662,1.178833,-0.386266,-0.027143,0.999631,-0.001019,121.565184,25.069137,0.000120,213.642749,0.000000,753.287976,0.000000,0.000000,0.000000,-0.000001,0.002557,-0.007407,0.060749,276.696442,0.000000,0.005516,1.000000,0.000000,0.000120,0.090555
1763991496151,6.397321,272.309662,1.178961,-0.386266,-0.027145,0.999626,-0.001025,121.565184,25.069137,0.000120,213.642192,0.000000,753.296791,0.000000,0.000000,0.000000,-0.000002,-0.004564,-0.003208,0.066693,276.701080,0.000000,0.005157,1.000000,0.000000,0.000120,0.090554
1763991496231,6.397320,272.309662,1.179036,-0.386281,-0.027140,0.999630,-0.001033,121.565184,25.069137,0.000076,213.641950,0.000000,753.291400,0.000000,0.000000,0.000000,-0.000002,-0.012623,-0.001333,0.050323,276.704376,0.000000,0.001214,1.000000,0.000000,0.000076,0.090553
1763991496341,6.397319,272.309662,1.179124,-0.386303,-0.027166,0.999626,-0.001037,121.565184,25.069137,0.000127,213.641829,0.000000,753.281200,0.000000,0.000000,0.000000,-0.000003,-0.014388,0.002884,0.046227,276.708893,0.000000,0.000736,1.000000,0.000000,0.000127,0.090552
1763991496455,6.397319,272.309662,1.179063,-0.386322,-0.027234,0.999652,-0.001036,121.565184,25.069137,0.000575,213.642241,0.000000,753.247541,0.000000,0.000000,0.000000,-0.000004,-0.005107,0.010988,-0.113686,276.713531,0.000000,-0.000673,1.000000,0.000000,0.000575,0.090552
1763991496542,6.397322,272.309662,1.178745,-0.386331,-0.027150,0.999647,-0.001034,121.565184,25.069137,0.000822,213.643113,0.000000,753.213081,0.000000,0.000000,0.000000,-0.000004,-0.006150,0.017155,-0.264685,276.717102,0.000000,-0.001915,1.000000,0.000000,0.000822,0.090555
1763991496629,6.397325,272.309662,1.178312,-0.386336,-0.027042,0.999628,-0.001033,121.565184,25.069137,0.000635,213.644251,0.000000,753.189986,0.000000,0.000000,0.000000,-0.000003,-0.005722,0.019647,-0.267986,276.720703,0.000000,-0.002027,1.000000,0.000000,0.000635,0.090559
1763991496747,6.397329,272.309692,1.177870,-0.386344,-0.026960,0.999609,-0.001025,121.565184,25.069137,0.000295,213.645753,0.000000,753.169367,0.000000,0.000000,0.000000,0.000000,-0.006700,0.012677,-0.170251,276.725220,0.000000,-0.001477,1.000000,0.000000,0.000295,0.090562
1763991496845,6.397329,272.309692,1.177792,-0.386375,-0.026992,0.999604,-0.001017,121.565184,25.069137,0.000143,213.646867,0.000000,753.158293,0.000000,0.000000,0.000000,0.000002,-0.023167,-0.000094,0.040801,276.729126,0.000000,0.005257,1.000000,0.000000,0.000143,0.090562
1763991496936,6.397328,272.309692,1.177963,-0.386399,-0.027111,0.999625,-0.001005,121.565184,25.069137,0.000265,213.647788,0.000000,753.151736,0.000000,0.000000,0.000000,0.000003,-0.011113,-0.002221,0.138055,276.732971,0.000000,0.012236,1.000000,0.000000,0.000265,0.090561
1763991497039,6.397326,272.309723,1.178190,-0.386418,-0.027179,0.999644,-0.000999,121.565184,25.069137,0.000082,213.648635,0.000000,753.136000,0.000000,0.000000,0.000000,0.000003,-0.008524,-0.003067,0.080462,276.737244,0.000000,0.003570,1.000000,0.000000,0.000082,0.090559
1763991497154,6.397326,272.309723,1.178231,-0.386426,-0.027150,0.999643,-0.001002,121.565184,25.069137,0.000106,213.649580,0.000000,753.115600,0.000000,0.000000,0.000000,0.000003,0.001244,-0.004418,-0.021546,276.741455,0.000000,-0.000393,1.000000,0.000000,0.000106,0.090559
1763991497281,6.397327,272.309723,1.178146,-0.386398,-0.027093,0.999632,-0.001008,121.565184,25.069137,0.000172,213.650719,0.000000,753.101466,0.000000,0.000000,0.000000,0.000003,0.019770,-0.013242,-0.046250,276.746094,0.000000,-0.000518,1.000000,0.000000,0.000172,0.090560
1763991497372,6.397328,272.309692,1.178063,-0.386362,-0.027068,0.999626,-0.001020,121.565184,25.069137,0.000164,213.651421,0.000000,753.095638,0.000000,0.000000,0.000000,0.000003,0.024848,-0.006311,-0.048436,276.749512,0.000000,-0.001277,1.000000,0.000000,0.000164,0.090560
1763991497457,6.397328,272.309692,1.178017,-0.386330,-0.027100,0.999632,-0.001034,121.565184,25.069137,0.000144,213.652003,0.000000,753.090392,0.000000,0.000000,0.000000,0.000003,0.018889,0.004080,-0.036445,276.753052,0.000000,-0.001346,1.000000,0.000000,0.000144,0.090561
1763991497553,6.397329,272.309692,1.177981,-0.386314,-0.027084,0.999630,-0.001043,121.565184,25.069137,0.000102,213.652560,0.000000,753.078590,0.000000,0.000000,0.000000,0.000003,0.009841,0.006361,-0.018551,276.756653,0.000000,-0.000080,1.000000,0.000000,0.000102,0.090561
1763991497650,6.397329,272.309692,1.177978,-0.386301,-0.027113,0.999627,-0.001046,121.565184,25.069137,0.000030,213.653238,0.000000,753.068099,0.000000,0.000000,0.000000,0.000003,0.006231,0.005686,0.013932,276.760620,0.000000,-0.001480,1.000000,0.000000,0.000030,0.090562
1763991497802,6.397329,272.309692,1.178016,-0.386301,-0.027111,0.999632,-0.001041,121.565184,25.069137,0.000112,213.654183,0.000000,753.047990,0.000000,0.000000,0.000000,0.000003,-0.004720,0.010668,-0.007076,276.766418,0.000000,-0.000080,1.000000,0.000000,0.000112,0.090562
1763991497903,6.397329,272.309692,1.177990,-0.386309,-0.027074,0.999635,-0.001026,121.565184,25.069137,0.000141,213.654982,0.000000,753.036334,0.000000,0.000000,0.000000,0.000003,-0.006909,0.011833,-0.005276,276.770325,0.000000,-0.006586,1.000000,0.000000,0.000141,0.090562
1763991497956,6.397329,272.309692,1.177995,-0.386302,-0.027120,0.999623,-0.001017,121.565184,25.069137,0.000127,213.655345,0.000000,753.035824,0.000000,0.000000,0.000000,0.000003,-0.002208,0.006396,0.009577,276.772339,0.000000,-0.005831,1.000000,0.000000,0.000127,0.090562
1763991498064,6.397330,272.309692,1.177973,-0.386291,-0.027078,0.999633,-0.001007,121.565184,25.069137,0.000080,213.655902,0.000000,753.034221,0.000000,0.000000,0.000000,0.000003,0.001219,-0.006576,-0.034756,276.776367,0.000000,-0.001440,1.000000,0.000000,0.000080,0.090562
1763991498166,6.397330,272.309692,1.177947,-0.386295,-0.027000,0.999632,-0.001004,121.565184,25.069137,0.000116,213.656266,0.000000,753.035896,0.000000,0.000000,0.000000,0.000003,-0.002545,-0.018800,-0.009449,276.780396,0.000000,-0.005751,1.000000,0.000000,0.000116,0.090563
1763991498268,6.397329,272.309662,1.178004,-0.386288,-0.027048,0.999621,-0.001007,121.565184,25.069137,0.000385,213.656314,0.000000,753.049739,0.000000,0.000000,0.000000,0.000003,0.002091,-0.025029,0.063584,276.784302,0.000000,0.018993,1.000000,0.000000,0.000385,0.090562
1763991498375,6.397329,272.309601,1.178131,-0.386290,-0.027133,0.999629,-0.001016,121.565184,25.069137,0.000315,213.656193,0.000000,753.053746,0.000000,0.000000,0.000000,0.000003,0.002977,-0.019795,0.071735,276.788330,0.000000,0.015479,1.000000,0.000000,0.000315,0.090562
1763991498469,6.397328,272.309540,1.178264,-0.386284,-0.027117,0.999631,-0.001022,121.565184,25.069137,0.000253,213.656048,0.000000,753.058409,0.000000,0.000000,0.000000,0.000002,0.007305,-0.013032,0.077425,276.792358,0.000000,0.012138,1.000000,0.000000,0.000253,0.090561
1763991498556,6.397326,272.309540,1.178423,-0.386278,-0.027095,0.999630,-0.001030,121.565184,25.069137,0.000187,213.655830,0.000000,753.062780,0.000000,0.000000,0.000000,0.000001,0.004317,-0.005909,0.100134,276.795898,0.000000,0.008206,1.000000,0.000000,0.000187,0.090559
1763991498690,6.397324,272.309540,1.178633,-0.386273,-0.027151,0.999632,-0.001035,121.565184,25.069137,0.000142,213.655539,0.000000,753.065257,0.000000,0.000000,0.000000,-0.000000,0.004473,0.006439,0.089342,276.801270,0.000000,0.006333,1.000000,0.000000,0.000142,0.090557
1763991498764,6.397324,272.309540,1.178699,-0.386271,-0.027177,0.999644,-0.001039,121.565184,25.069137,0.000033,213.655442,0.000000,753.059356,0.000000,0.000000,0.000000,-0.000001,0.000631,0.012057,0.017183,276.804382,0.000000,0.000145,1.000000,0.000000,0.000033,0.090557
1763991498839,6.397325,272.309601,1.178604,-0.386266,-0.027223,0.999647,-0.001039,121.565184,25.069137,0.000336,213.655515,0.000000,753.044202,0.000000,0.000000,0.000000,-0.000002,0.003477,0.019107,-0.119503,276.807556,0.000000,-0.001106,1.000000,0.000000,0.000336,0.090558
1763991498942,6.397328,272.309662,1.178267,-0.386255,-0.027069,0.999622,-0.001035,121.565184,25.069137,0.000309,213.655927,0.000000,753.033201,0.000000,0.000000,0.000000,-0.000002,0.000707,0.015189,-0.184750,276.811707,0.000000,-0.001575,1.000000,0.000000,0.000309,0.090561
1763991499053,6.397329,272.309662,1.178096,-0.386271,-0.027004,0.999608,-0.001029,121.565184,25.069137,0.000110,213.656290,0.000000,753.037572,0.000000,0.000000,0.000000,-0.000001,-0.014638,0.004435,-0.016564,276.815979,0.000000,-0.005139,1.000000,0.000000,0.000110,0.090562
1763991499159,6.397327,272.309662,1.178294,-0.386311,-0.027073,0.999622,-0.001018,121.565184,25.069137,0.000381,213.656339,0.000000,753.047553,0.000000,0.000000,0.000000,0.000000,-0.023101,0.005372,0.160240,276.820496,0.000000,0.017731,1.000000,0.000000,0.000381,0.090560
1763991499267,6.397326,272.309662,1.178548,-0.386342,-0.027336,0.999645,-0.001012,121.565184,25.069137,0.000079,213.656217,0.000000,753.040632,0.000000,0.000000,0.000000,-0.000000,-0.016012,0.008840,0.079583,276.824829,0.000000,0.003478,1.000000,0.000000,0.000079,0.090559
1763991499368,6.397327,272.309662,1.178473,-0.386362,-0.027259,0.999646,-0.001009,121.565184,25.069137,0.000601,213.656532,0.000000,753.010834,0.000000,0.000000,0.000000,-0.000001,-0.002929,0.015706,-0.127589,276.828186,0.000000,-0.000841,1.000000,0.000000,0.000601,0.090559
1763991499470,6.397329,272.309723,1.178133,-0.386364,-0.026979,0.999639,-0.001010,121.565184,25.069137,0.000468,213.657380,0.000000,752.995170,0.000000,0.000000,0.000000,-0.000000,-0.001552,0.012425,-0.200211,276.832214,0.000000,-0.001295,1.000000,0.000000,0.000468,0.090562
1763991499572,6.397330,272.309692,1.177965,-0.386338,-0.027029,0.999610,-0.001010,121.565184,25.069137,0.000077,213.657986,0.000000,753.007483,0.000000,0.000000,0.000000,0.000001,0.011377,-0.005226,-0.011863,276.836243,0.000000,0.003554,1.000000,0.000000,0.000077,0.090563
1763991499668,6.397328,272.309692,1.178130,-0.386320,-0.027035,0.999626,-0.001017,121.565184,25.069137,0.000333,213.658058,0.000000,753.022200,0.000000,0.000000,0.000000,0.000001,0.010743,-0.016478,0.130111,276.840271,0.000000,0.015522,1.000000,0.000000,0.000333,0.090561
1763991499765,6.397327,272.309662,1.178262,-0.386290,-0.027179,0.999642,-0.001024,121.565184,25.069137,0.000115,213.657961,0.000000,753.020743,0.000000,0.000000,0.000000,0.000001,0.018254,-0.014870,0.024023,276.844238,0.000000,-0.005564,1.000000,0.000000,0.000115,0.090560
1763991499873,6.397329,272.309631,1.178144,-0.386252,-0.027205,0.999644,-0.001034,121.565184,25.069137,0.000358,213.657961,0.000000,753.009523,0.000000,0.000000,0.000000,0.000001,0.021969,-0.009950,-0.121250,276.848267,0.000000,-0.001009,1.000000,0.000000,0.000358,0.090562
1763991499968,6.397331,272.309631,1.177894,-0.386206,-0.027039,0.999628,-0.001038,121.565184,25.069137,0.000121,213.658083,0.000000,753.015716,0.000000,0.000000,0.000000,0.000001,0.023098,-0.010570,-0.139261,276.852051,0.000000,-0.001722,1.000000,0.000000,0.000121,0.090564
1763991500058,6.397332,272.309631,1.177768,-0.386186,-0.026992,0.999617,-0.001040,121.565184,25.069137,0.000295,213.658010,0.000000,753.029412,0.000000,0.000000,0.000000,0.000002,0.011017,-0.007324,-0.028306,276.856018,0.000000,-0.014180,1.000000,0.000000,0.000295,0.090566
1763991500143,6.397332,272.309631,1.177870,-0.386179,-0.026927,0.999612,-0.001034,121.565184,25.069137,0.000640,213.657622,0.000000,753.050686,0.000000,0.000000,0.000000,0.000003,0.003268,-0.008551,0.124138,276.859497,0.000000,0.031260,1.000000,0.000000,0.000640,0.090565
1763991500272,6.397327,272.309601,1.178431,-0.386196,-0.027086,0.999621,-0.001023,121.565184,25.069137,0.000891,213.656435,0.000000,753.089955,0.000000,0.000000,0.000000,0.000002,-0.014372,-0.012383,0.311854,276.864746,0.000000,0.042298,1.000000,0.000000,0.000891,0.090560
1763991500347,6.397323,272.309601,1.178906,-0.386230,-0.027123,0.999621,-0.001016,121.565184,25.069137,0.000846,213.655539,0.000000,753.108533,0.000000,0.000000,0.000000,0.000001,-0.025133,-0.011232,0.375261,276.867920,0.000000,0.039386,1.000000,0.000000,0.000846,0.090556
1763991500468,6.397317,272.309601,1.179587,-0.386269,-0.027260,0.999664,-0.001007,121.565184,25.069137,0.000335,213.654183,0.000000,753.120336,0.000000,0.000000,0.000000,-0.000003,-0.007972,-0.010040,0.239240,276.872681,0.000000,0.014914,1.000000,0.000000,0.000335,0.090550
1763991500564,6.397317,272.309601,1.179641,-0.386283,-0.027460,0.999658,-0.001019,121.565184,25.069137,0.000730,213.653529,0.000000,753.097168,0.000000,0.000000,0.000000,-0.000005,-0.002159,-0.002495,-0.095654,276.876526,0.000000,-0.000709,1.000000,0.000000,0.000730,0.090550
1763991500648,6.397321,272.309601,1.179217,-0.386289,-0.027090,0.999655,-0.001027,121.565184,25.069137,0.001155,213.653674,0.000000,753.066933,0.000000,0.000000,0.000000,-0.000007,0.006549,0.009855,-0.352227,276.880066,0.000000,-0.002254,1.000000,0.000000,0.001155,0.090554
1763991500750,6.397326,272.309601,1.178536,-0.386280,-0.026953,0.999610,-0.001038,121.565184,25.069137,0.000535,213.654231,0.000000,753.061104,0.000000,0.000000,0.000000,-0.000006,0.003595,0.014642,-0.288657,276.884583,0.000000,-0.001988,1.000000,0.000000,0.000535,0.090559
1763991500871,6.397327,272.309631,1.178298,-0.386290,-0.027010,0.999602,-0.001042,121.565184,25.069137,0.000060,213.654570,0.000000,753.066714,0.000000,0.000000,0.000000,-0.000003,-0.008732,0.019581,0.005722,276.889221,0.000000,0.001678,1.000000,0.000000,0.000060,0.090560
1763991500947,6.397326,272.309662,1.178374,-0.386312,-0.027115,0.999623,-0.001036,121.565184,25.069137,0.000128,213.654716,0.000000,753.060230,0.000000,0.000000,0.000000,-0.000002,-0.015961,0.017318,0.074044,276.892395,0.000000,0.005151,1.000000,0.000000,0.000128,0.090559
1763991501055,6.397326,272.309723,1.178457,-0.386354,-0.027189,0.999646,-0.001022,121.565184,25.069137,0.000241,213.655224,0.000000,753.032108,0.000000,0.000000,0.000000,-0.000001,-0.018746,0.023420,-0.005777,276.897064,0.000000,0.000047,1.000000,0.000000,0.000241,0.090559
1763991501154,6.397327,272.309753,1.178347,-0.386367,-0.027085,0.999639,-0.001007,121.565184,25.069137,0.000331,213.656072,0.000000,753.010470,0.000000,0.000000,0.000000,-0.000001,0.001370,0.011342,-0.098309,276.900940,0.000000,-0.000618,1.000000,0.000000,0.000331,0.090559
1763991501257,6.397328,272.309753,1.178174,-0.386368,-0.027034,0.999620,-0.001006,121.565184,25.069137,0.000216,213.656944,0.000000,753.000052,0.000000,0.000000,0.000000,-0.000000,-0.006945,-0.003365,-0.078539,276.904846,0.000000,-0.000433,1.000000,0.000000,0.000216,0.090561
1763991501359,6.397328,272.309753,1.178133,-0.386368,-0.027024,0.999621,-0.001004,121.565184,25.069137,0.000092,213.657743,0.000000,752.999833,0.000000,0.000000,0.000000,0.000001,0.008083,-0.016224,0.019924,276.909119,0.000000,0.004345,1.000000,0.000000,0.000092,0.090561
1763991501442,6.397327,272.309723,1.178252,-0.386357,-0.027126,0.999622,-0.001008,121.565184,25.069137,0.000177,213.658083,0.000000,753.005807,0.000000,0.000000,0.000000,0.000001,-0.000714,-0.015376,0.111293,276.912476,0.000000,0.007790,1.000000,0.000000,0.000177,0.090560
1763991501571,6.397325,272.309723,1.178452,-0.386369,-0.027181,0.999635,-0.001022,121.565184,25.069137,0.000112,213.658397,0.000000,752.992475,0.000000,0.000000,0.000000,0.000001,-0.006495,-0.002145,0.075183,276.917114,0.000000,0.003712,1.000000,0.000000,0.000112,0.090558
1763991501644,6.397325,272.309723,1.178451,-0.386361,-0.027187,0.999648,-0.001028,121.565184,25.069137,0.000167,213.658761,0.000000,752.977175,0.000000,0.000000,0.000000,0.000000,0.011124,-0.001030,-0.041855,276.919983,0.000000,-0.000656,1.000000,0.000000,0.000167,0.090559
1763991501732,6.397327,272.309723,1.178301,-0.386349,-0.027120,0.999637,-0.001038,121.565184,25.069137,0.000369,213.659512,0.000000,752.952550,0.000000,0.000000,0.000000,0.000000,0.004985,0.002716,-0.117590,276.923767,0.000000,-0.000858,1.000000,0.000000,0.000369,0.090560
1763991501843,6.397329,272.309692,1.178043,-0.386326,-0.027079,0.999628,-0.001040,121.565184,25.069137,0.000191,213.660578,0.000000,752.936230,0.000000,0.000000,0.000000,0.000001,0.019556,0.003768,-0.130990,276.927979,0.000000,-0.001282,1.000000,0.000000,0.000191,0.090562
1763991501938,6.397331,272.309692,1.177874,-0.386299,-0.027120,0.999620,-0.001037,121.565184,25.069137,0.000220,213.661353,0.000000,752.926322,0.000000,0.000000,0.000000,0.000002,0.007311,-0.001863,-0.087144,276.931580,0.000000,-0.000583,1.000000,0.000000,0.000220,0.090564
1763991502050,6.397331,272.309692,1.177803,-0.386296,-0.027033,0.999623,-0.001027,121.565184,25.069137,0.000121,213.662273,0.000000,752.920712,0.000000,0.000000,0.000000,0.000003,0.001933,-0.000942,0.016148,276.935974,0.000000,-0.005961,1.000000,0.000000,0.000121,0.090564
1763991502138,6.397331,272.309692,1.177886,-0.386305,-0.027104,0.999627,-0.001022,121.565184,25.069137,0.000217,213.662709,0.000000,752.920202,0.000000,0.000000,0.000000,0.000003,-0.010226,-0.002759,0.074275,276.939148,0.000000,0.010553,1.000000,0.000000,0.000217,0.090564
1763991502230,6.397330,272.309692,1.177977,-0.386339,-0.027119,0.999637,-0.001018,121.565184,25.069137,0.000109,213.663218,0.000000,752.904320,0.000000,0.000000,0.000000,0.000003,-0.020958,0.002659,0.032140,276.942932,0.000000,0.005232,1.000000,0.000000,0.000109,0.090563
1763991502339,6.397330,272.309692,1.178061,-0.386354,-0.027053,0.999627,-0.001007,121.565184,25.069137,0.000199,213.663775,0.000000,752.902280,0.000000,0.000000,0.000000,0.000003,-0.002072,-0.002270,0.055796,276.947083,0.000000,0.009638,1.000000,0.000000,0.000199,0.090563
1763991502436,6.397329,272.309723,1.178181,-0.386343,-0.027093,0.999640,-0.001004,121.565184,25.069137,0.000366,213.664090,0.000000,752.911532,0.000000,0.000000,0.000000,0.000003,0.009166,-0.011950,0.060868,276.950867,0.000000,0.018256,1.000000,0.000000,0.000366,0.090562
1763991502555,6.397329,272.309723,1.178242,-0.386326,-0.027239,0.999635,-0.001013,121.565184,25.069137,0.000099,213.664138,0.000000,752.911824,0.000000,0.000000,0.000000,0.000002,0.005402,-0.012816,-0.008384,276.955566,0.000000,-0.003938,1.000000,0.000000,0.000099,0.090562
1763991502643,6.397330,272.309723,1.178165,-0.386313,-0.027044,0.999627,-0.001020,121.565184,25.069137,0.000113,213.664235,0.000000,752.910804,0.000000,0.000000,0.000000,0.000002,0.010360,-0.004909,-0.058814,276.958984,0.000000,-0.003102,1.000000,0.000000,0.000113,0.090563
1763991502745,6.397330,272.309723,1.178156,-0.386290,-0.027058,0.999613,-0.001029,121.565184,25.069137,0.000346,213.664138,0.000000,752.928216,0.000000,0.000000,0.000000,0.000002,0.014432,-0.010371,0.043153,276.962708,0.000000,0.017074,1.000000,0.000000,0.000346,0.090563
1763991502839,6.397329,272.309723,1.178324,-0.386273,-0.027110,0.999617,-0.001032,121.565184,25.069137,0.000347,213.663751,0.000000,752.941913,0.000000,0.000000,0.000000,0.000002,0.007668,-0.012575,0.130394,276.966614,0.000000,0.016213,1.000000,0.000000,0.000347,0.090562
1763991502943,6.397327,272.309723,1.178579,-0.386256,-0.027115,0.999633,-0.001031,121.565184,25.069137,0.000360,213.663218,0.000000,752.956776,0.000000,0.000000,0.000000,0.000001,0.011377,-0.016584,0.146169,276.970642,0.000000,0.016835,1.000000,0.000000,0.000360,0.090559
1763991503037,6.397325,272.309692,1.178760,-0.386240,-0.027235,0.999641,-0.001033,121.565184,25.069137,0.000143,213.662588,0.000000,752.964863,0.000000,0.000000,0.000000,-0.000000,0.005278,-0.013960,0.069886,276.974548,0.000000,0.006873,1.000000,0.000000,0.000143,0.090559
1763991503175,6.397326,272.309692,1.178673,-0.386222,-0.027154,0.999638,-0.001032,121.565184,25.069137,0.000257,213.662079,0.000000,752.958378,0.000000,0.000000,0.000000,-0.000002,0.011221,-0.009438,-0.113441,276.979492,0.000000,-0.000842,1.000000,0.000000,0.000257,0.090559
1763991503257,6.397328,272.309662,1.178487,-0.386201,-0.027161,0.999624,-0.001030,121.565184,25.069137,0.000198,213.661813,0.000000,752.966830,0.000000,0.000000,0.000000,-0.000002,0.010993,-0.013618,-0.099090,276.983215,0.000000,-0.000834,1.000000,0.000000,0.000198,0.090561
1763991503370,6.397329,272.309601,1.178354,-0.386182,-0.027077,0.999616,-0.001026,121.565184,25.069137,0.000084,213.661304,0.000000,752.987666,0.000000,0.000000,0.000000,-0.000001,0.007573,-0.016781,-0.021395,276.987976,0.000000,-0.003949,1.000000,0.000000,0.000084,0.090562
1763991503436,6.397329,272.309601,1.178359,-0.386177,-0.027062,0.999625,-0.001023,121.565184,25.069137,0.000170,213.660820,0.000000,753.001217,0.000000,0.000000,0.000000,-0.000001,0.004627,-0.015369,0.016509,276.990784,0.000000,0.008506,1.000000,0.000000,0.000170,0.090562
1763991503536,6.397328,272.309601,1.178461,-0.386178,-0.027079,0.999613,-0.001020,121.565184,25.069137,0.000370,213.659972,0.000000,753.026717,0.000000,0.000000,0.000000,-0.000000,-0.007580,-0.014798,0.102078,276.994751,0.000000,0.017805,1.000000,0.000000,0.000370,0.090561
1763991503645,6.397325,272.309540,1.178757,-0.386195,-0.027037,0.999628,-0.001015,121.565184,25.069137,0.000583,213.658809,0.000000,753.056442,0.000000,0.000000,0.000000,-0.000001,-0.003699,-0.016074,0.188654,276.999084,0.000000,0.027719,1.000000,0.000000,0.000583,0.090559
1763991503754,6.397322,272.309570,1.179125,-0.386205,-0.027205,0.999636,-0.001017,121.565184,25.069137,0.000357,213.657356,0.000000,753.079901,0.000000,0.000000,0.000000,-0.000002,-0.007936,-0.012422,0.176136,277.003540,0.000000,0.016555,1.000000,0.000000,0.000357,0.090556
1763991503845,6.397321,272.309570,1.179315,-0.386228,-0.027253,0.999647,-0.001024,121.565184,25.069137,0.000126,213.656266,0.000000,753.079391,0.000000,0.000000,0.000000,-0.000003,-0.013113,-0.000952,0.052388,277.007507,0.000000,0.000769,1.000000,0.000000,0.000126,0.090554
1763991503945,6.397320,272.309570,1.179303,-0.386251,-0.027116,0.999637,-0.001030,121.565184,25.069137,0.000237,213.655612,0.000000,753.074291,0.000000,0.000000,0.000000,-0.000005,-0.008539,0.008452,-0.035500,277.011475,0.000000,0.000045,1.000000,0.000000,0.000237,0.090553
1763991504038,6.397321,272.309570,1.179243,-0.386262,-0.027095,0.999634,-0.001034,121.565184,25.069137,0.000232,213.655297,0.000000,753.072397,0.000000,0.000000,0.000000,-0.000005,-0.003556,0.012233,-0.037500,277.015320,0.000000,-0.000029,1.000000,0.000000,0.000232,0.090554
1763991504134,6.397320,272.309570,1.179216,-0.386265,-0.027139,0.999627,-0.001033,121.565184,25.069137,0.000207,213.655103,0.000000,753.073126,0.000000,0.000000,0.000000,-0.000006,-0.001888,0.011363,-0.001230,277.019104,0.000000,0.000311,1.000000,0.000000,0.000207,0.090553
1763991504258,6.397321,272.309601,1.179126,-0.386294,-0.027138,0.999645,-0.001033,121.565184,25.069137,0.000477,213.655152,0.000000,753.049375,0.000000,0.000000,0.000000,-0.000006,-0.014747,0.019005,-0.091430,277.024109,0.000000,-0.000433,1.000000,0.000000,0.000477,0.090554
1763991504352,6.397323,272.309662,1.178894,-0.386322,-0.027140,0.999637,-0.001032,121.565184,25.069137,0.000592,213.655636,0.000000,753.023074,0.000000,0.000000,0.000000,-0.000005,-0.017396,0.022769,-0.171687,277.027771,0.000000,-0.001234,1.000000,0.000000,0.000592,0.090556
1763991504442,6.397325,272.309723,1.178573,-0.386346,-0.027107,0.999633,-0.001028,121.565184,25.069137,0.000611,213.656484,0.000000,752.995607,0.000000,0.000000,0.000000,-0.000004,-0.010526,0.022496,-0.220551,277.031189,0.000000,-0.001687,1.000000,0.000000,0.000611,0.090559
1763991504542,6.397328,272.309753,1.178226,-0.386357,-0.027008,0.999623,-0.001023,121.565184,25.069137,0.000383,213.657598,0.000000,752.977394,0.000000,0.000000,0.000000,-0.000002,-0.007243,0.015502,-0.189994,277.034912,0.000000,-0.001558,1.000000,0.000000,0.000383,0.090561
1763991504643,6.397330,272.309753,1.178071,-0.386357,-0.027058,0.999614,-0.001013,121.565184,25.069137,0.000094,213.658567,0.000000,752.977904,0.000000,0.000000,0.000000,0.000000,-0.003127,-0.002992,-0.012227,277.038910,0.000000,-0.002201,1.000000,0.000000,0.000094,0.090563
1763991504763,6.397330,272.309723,1.178125,-0.386352,-0.027056,0.999625,-0.001004,121.565184,25.069137,0.000173,213.659245,0.000000,752.979652,0.000000,0.000000,0.000000,0.000002,0.002957,-0.017295,0.043632,277.043365,0.000000,0.008402,1.000000,0.000000,0.000173,0.090562
1763991504839,6.397328,272.309723,1.178240,-0.386366,-0.027107,0.999621,-0.001005,121.565184,25.069137,0.000149,213.659536,0.000000,752.977321,0.000000,0.000000,0.000000,0.000003,-0.010679,-0.017081,0.106527,277.046417,0.000000,0.006414,1.000000,0.000000,0.000149,0.090561
1763991504962,6.397327,272.309723,1.178453,-0.386393,-0.027108,0.999632,-0.001014,121.565184,25.069137,0.000263,213.659972,0.000000,752.969890,0.000000,0.000000,0.000000,0.000003,-0.008431,-0.006504,0.079428,277.051178,0.000000,0.012847,1.000000,0.000000,0.000263,0.090560
1763991505044,6.397327,272.309723,1.178493,-0.386397,-0.027226,0.999644,-0.001020,121.565184,25.069137,0.000088,213.660311,0.000000,752.955027,0.000000,0.000000,0.000000,0.000002,0.003293,0.000646,-0.009037,277.054291,0.000000,-0.001586,1.000000,0.000000,0.000088,0.090560
1763991505175,6.397330,272.309723,1.178235,-0.386366,-0.027123,0.999630,-0.001030,121.565184,25.069137,0.000228,213.661183,0.000000,752.933826,0.000000,0.000000,0.000000,0.000003,0.012935,0.004981,-0.141561,277.059479,0.000000,-0.001509,1.000000,0.000000,0.000228,0.090563
1763991505267,6.397331,272.309692,1.178095,-0.386344,-0.026983,0.999616,-0.001032,121.565184,25.069137,0.000060,213.661740,0.000000,752.934555,0.000000,0.000000,0.000000,0.000003,0.015377,0.002581,-0.062596,277.062653,0.000000,-0.002345,1.000000,0.000000,0.000060,0.090564
1763991505355,6.397331,272.309723,1.178136,-0.386305,-0.027000,0.999615,-0.001027,121.565184,25.069137,0.000473,213.662031,0.000000,752.952987,0.000000,0.000000,0.000000,0.000004,0.020452,-0.008015,0.079325,277.066376,0.000000,0.023155,1.000000,0.000000,0.000473,0.090564
1763991505469,6.397328,272.309723,1.178444,-0.386284,-0.027154,0.999629,-0.001026,121.565184,25.069137,0.000512,213.661692,0.000000,752.972075,0.000000,0.000000,0.000000,0.000004,0.006479,-0.013933,0.173801,277.070892,0.000000,0.024574,1.000000,0.000000,0.000512,0.090561
1763991505536,6.397327,272.309692,1.178664,-0.386293,-0.027172,0.999626,-0.001027,121.565184,25.069137,0.000366,213.661377,0.000000,752.975718,0.000000,0.000000,0.000000,0.000003,-0.011776,-0.009980,0.158102,277.074005,0.000000,0.017186,1.000000,0.000000,0.000366,0.090560
1763991505664,6.397325,272.309692,1.178929,-0.386314,-0.027134,0.999636,-0.001022,121.565184,25.069137,0.000208,213.661038,0.000000,752.977321,0.000000,0.000000,0.000000,0.000001,-0.004157,-0.003170,0.091433,277.078949,0.000000,0.009778,1.000000,0.000000,0.000208,0.090558
1763991505763,6.397324,272.309692,1.179024,-0.386304,-0.027207,0.999636,-0.001018,121.565184,25.069137,0.000021,213.660747,0.000000,752.982275,0.000000,0.000000,0.000000,-0.000000,0.004922,-0.006037,0.024632,277.082977,0.000000,0.000885,1.000000,0.000000,0.000021,0.090557
1763991505868,6.397324,272.309692,1.178981,-0.386300,-0.027109,0.999636,-0.001019,121.565184,25.069137,0.000193,213.660553,0.000000,752.978778,0.000000,0.000000,0.000000,-0.000001,0.005880,-0.007654,-0.047521,277.087128,0.000000,-0.000058,1.000000,0.000000,0.000193,0.090557
1763991505956,6.397325,272.309692,1.178869,-0.386270,-0.027130,0.999636,-0.001020,121.565184,25.069137,0.000146,213.660408,0.000000,752.986282,0.000000,0.000000,0.000000,-0.000002,0.022964,-0.013973,-0.083573,277.090759,0.000000,-0.000678,1.000000,0.000000,0.000146,0.090558
1763991506048,6.397326,272.309692,1.178705,-0.386255,-0.027190,0.999634,-0.001030,121.565184,25.069137,0.000281,213.660214,0.000000,752.985043,0.000000,0.000000,0.000000,-0.000002,-0.000696,-0.012145,-0.117482,277.094360,0.000000,-0.001017,1.000000,0.000000,0.000281,0.090559
1763991506142,6.397328,272.309692,1.178529,-0.386271,-0.027038,0.999631,-0.001037,121.565184,25.069137,0.000214,213.660190,0.000000,752.976957,0.000000,0.000000,0.000000,-0.000001,-0.009177,-0.001839,-0.102568,277.097961,0.000000,-0.000759,1.000000,0.000000,0.000214,0.090561
1763991506275,6.397329,272.309692,1.178416,-0.386261,-0.027042,0.999619,-0.001031,121.565184,25.069137,0.000178,213.660214,0.000000,752.987521,0.000000,0.000000,0.000000,0.000000,0.007109,-0.001268,-0.005504,277.102936,0.000000,-0.008557,1.000000,0.000000,0.000178,0.090562
1763991506370,6.397329,272.309692,1.178439,-0.386254,-0.027074,0.999626,-0.001027,121.565184,25.069137,0.000248,213.659996,0.000000,752.997065,0.000000,0.000000,0.000000,0.000001,-0.000105,-0.003270,0.024252,277.106720,0.000000,-0.012309,1.000000,0.000000,0.000248,0.090562
1763991506445,6.397329,272.309692,1.178478,-0.386247,-0.027097,0.999627,-0.001019,121.565184,25.069137,0.000321,213.659633,0.000000,753.009887,0.000000,0.000000,0.000000,0.000001,0.002775,-0.006659,0.031523,277.110138,0.000000,-0.015873,1.000000,0.000000,0.000321,0.090562
1763991506567,6.397329,272.309662,1.178553,-0.386223,-0.027139,0.999634,-0.001010,121.565184,25.069137,0.000224,213.658906,0.000000,753.031744,0.000000,0.000000,0.000000,0.000002,0.015440,-0.017531,0.018649,277.114960,0.000000,-0.011066,1.000000,0.000000,0.000224,0.090562
1763991506639,6.397329,272.309662,1.178583,-0.386214,-0.027070,0.999618,-0.001014,121.565184,25.069137,0.000327,213.658301,0.000000,753.051050,0.000000,0.000000,0.000000,0.000002,0.000809,-0.020091,0.041995,277.117950,0.000000,0.016275,1.000000,0.000000,0.000327,0.090562
1763991506735,6.397327,272.309601,1.178783,-0.386227,-0.027082,0.999614,-0.001018,121.565184,25.069137,0.000444,213.657259,0.000000,753.077934,0.000000,0.000000,0.000000,0.000002,-0.006086,-0.015255,0.164012,277.122040,0.000000,0.020856,1.000000,0.000000,0.000444,0.090560
1763991506845,6.397324,272.309601,1.179145,-0.386228,-0.027121,0.999627,-0.001017,121.565184,25.069137,0.000549,213.655927,0.000000,753.109553,0.000000,0.000000,0.000000,0.000001,0.004557,-0.015596,0.227298,277.126190,0.000000,0.025584,1.000000,0.000000,0.000549,0.090557
1763991506949,6.397321,272.309570,1.179533,-0.386231,-0.027205,0.999645,-0.001025,121.565184,25.069137,0.000246,213.654401,0.000000,753.129880,0.000000,0.000000,0.000000,-0.000001,-0.002134,-0.005582,0.152906,277.130768,0.000000,0.011051,1.000000,0.000000,0.000246,0.090554
1763991507045,6.397320,272.309570,1.179593,-0.386228,-0.027291,0.999655,-0.001035,121.565184,25.069137,0.000233,213.653335,0.000000,753.128496,0.000000,0.000000,0.000000,-0.000003,0.000959,0.004011,-0.042127,277.134613,0.000000,-0.000401,1.000000,0.000000,0.000233,0.090553
1763991507140,6.397323,272.309601,1.179355,-0.386233,-0.027113,0.999638,-0.001044,121.565184,25.069137,0.000483,213.652753,0.000000,753.116984,0.000000,0.000000,0.000000,-0.000004,-0.001588,0.018713,-0.187427,277.138641,0.000000,-0.001366,1.000000,0.000000,0.000483,0.090556
1763991507253,6.397325,272.309601,1.179044,-0.386233,-0.027145,0.999611,-0.001043,121.565184,25.069137,0.000252,213.652366,0.000000,753.123104,0.000000,0.000000,0.000000,-0.000004,0.000497,0.016730,-0.111522,277.143341,0.000000,-0.000855,1.000000,0.000000,0.000252,0.090558
1763991507338,6.397325,272.309601,1.178962,-0.386236,-0.027050,0.999611,-0.001036,121.565184,25.069137,0.000104,213.652051,0.000000,753.132284,0.000000,0.000000,0.000000,-0.000003,-0.008502,0.008467,-0.008340,277.146881,0.000000,0.000957,1.000000,0.000000,0.000104,0.090559
1763991507456,6.397325,272.309601,1.179016,-0.386266,-0.027140,0.999629,-0.001028,121.565184,25.069137,0.000136,213.651615,0.000000,753.136728,0.000000,0.000000,0.000000,-0.000002,-0.019262,0.001788,0.043863,277.151642,0.000000,0.006193,1.000000,0.000000,0.000136,0.090558
1763991507540,6.397325,272.309601,1.179021,-0.386302,-0.027280,0.999641,-0.001020,121.565184,25.069137,0.000287,213.651445,0.000000,753.122740,0.000000,0.000000,0.000000,-0.000002,-0.024910,0.011598,-0.035099,277.155121,0.000000,-0.000267,1.000000,0.000000,0.000287,0.090558
1763991507650,6.397327,272.309601,1.178789,-0.386330,-0.027089,0.999629,-0.001011,121.565184,25.069137,0.000341,213.651760,0.000000,753.106348,0.000000,0.000000,0.000000,-0.000001,-0.005429,0.018369,-0.149212,277.159515,0.000000,-0.001126,1.000000,0.000000,0.000341,0.090560
1763991507735,6.397328,272.309601,1.178614,-0.386318,-0.027029,0.999611,-0.001001,121.565184,25.069137,0.000139,213.652003,0.000000,753.113779,0.000000,0.000000,0.000000,-0.000000,0.018787,0.005348,-0.083783,277.162811,0.000000,-0.000406,1.000000,0.000000,0.000139,0.090561
1763991507855,6.397326,272.309601,1.178739,-0.386301,-0.027059,0.999609,-0.001002,121.565184,25.069137,0.000257,213.651663,0.000000,753.145398,0.000000,0.000000,0.000000,0.000001,-0.012258,-0.010284,0.164895,277.167450,0.000000,0.010916,1.000000,0.000000,0.000257,0.090559
1763991507952,6.397323,272.309601,1.179073,-0.386315,-0.027157,0.999633,-0.001011,121.565184,25.069137,0.000336,213.651058,0.000000,753.159386,0.000000,0.000000,0.000000,0.000000,-0.010863,0.005639,0.208020,277.171295,0.000000,0.015011,1.000000,0.000000,0.000336,0.090556
1763991508050,6.397321,272.309601,1.179303,-0.386327,-0.027320,0.999643,-0.001025,121.565184,25.069137,0.000227,213.650549,0.000000,753.146637,0.000000,0.000000,0.000000,-0.000001,-0.001549,0.009806,0.069846,277.175446,0.000000,0.000779,1.000000,0.000000,0.000227,0.090554
1763991508135,6.397321,272.309601,1.179305,-0.386336,-0.027153,0.999646,-0.001039,121.565184,25.069137,0.000357,213.650573,0.000000,753.128641,0.000000,0.000000,0.000000,-0.000002,-0.006743,0.016600,-0.041559,277.178833,0.000000,-0.000157,1.000000,0.000000,0.000357,0.090554
1763991508252,6.397322,272.309662,1.179119,-0.386330,-0.027108,0.999633,-0.001039,121.565184,25.069137,0.000416,213.651082,0.000000,753.105910,0.000000,0.000000,0.000000,-0.000003,0.015590,0.018610,-0.119909,277.183350,0.000000,-0.000774,1.000000,0.000000,0.000416,0.090555
1763991508341,6.397324,272.309662,1.178946,-0.386302,-0.027067,0.999621,-0.001036,121.565184,25.069137,0.000311,213.651663,0.000000,753.100228,0.000000,0.000000,0.000000,-0.000003,0.018147,0.009166,-0.092078,277.186890,0.000000,-0.000457,1.000000,0.000000,0.000311,0.090557
1763991508458,6.397325,272.309662,1.178742,-0.386271,-0.027140,0.999639,-0.001034,121.565184,25.069137,0.000297,213.652245,0.000000,753.091048,0.000000,0.000000,0.000000,-0.000002,0.011983,0.003555,-0.129794,277.191284,0.000000,-0.001234,1.000000,0.000000,0.000297,0.090559
1763991508547,6.397328,272.309662,1.178470,-0.386266,-0.027143,0.999635,-0.001032,121.565184,25.069137,0.000498,213.652826,0.000000,753.071377,0.000000,0.000000,0.000000,-0.000001,-0.002957,0.007146,-0.196459,277.194824,0.000000,-0.001693,1.000000,0.000000,0.000498,0.090561
1763991508640,6.397331,272.309662,1.178170,-0.386271,-0.026999,0.999626,-0.001026,121.565184,25.069137,0.000296,213.653553,0.000000,753.059866,0.000000,0.000000,0.000000,0.000001,0.001933,0.008899,-0.173584,277.198303,0.000000,-0.001554,1.000000,0.000000,0.000296,0.090564
1763991508746,6.397333,272.309662,1.177961,-0.386248,-0.027026,0.999616,-0.001012,121.565184,25.069137,0.000099,213.654183,0.000000,753.068171,0.000000,0.000000,0.000000,0.000003,0.016646,-0.006598,-0.055355,277.202576,0.000000,-0.002604,1.000000,0.000000,0.000099,0.090566
1763991508849,6.397333,272.309662,1.177944,-0.386235,-0.027075,0.999623,-0.001008,121.565184,25.069137,0.000155,213.654304,0.000000,753.079901,0.000000,0.000000,0.000000,0.000005,0.002189,-0.013114,0.016154,277.206604,0.000000,-0.007608,1.000000,0.000000,0.000155,0.090567
1763991508940,6.397333,272.309662,1.177999,-0.386232,-0.027073,0.999622,-0.001008,121.565184,25.069137,0.000264,213.654207,0.000000,753.090829,0.000000,0.000000,0.000000,0.000006,-0.001091,-0.016092,0.057023,277.209900,0.000000,0.012961,1.000000,0.000000,0.000264,0.090566
1763991509056,6.397332,272.309601,1.178180,-0.386241,-0.027058,0.999625,-0.001014,121.565184,25.069137,0.000466,213.653819,0.000000,753.106566,0.000000,0.000000,0.000000,0.000006,-0.003307,-0.015315,0.118600,277.214172,0.000000,0.022597,1.000000,0.000000,0.000466,0.090565
1763991509168,6.397330,272.309601,1.178495,-0.386246,-0.027142,0.999631,-0.001022,121.565184,25.069137,0.000541,213.653165,0.000000,753.124270,0.000000,0.000000,0.000000,0.000005,-0.000465,-0.009863,0.166612,277.218628,0.000000,0.026183,1.000000,0.000000,0.000541,0.090563
1763991509244,6.397328,272.309601,1.178723,-0.386246,-0.027094,0.999629,-0.001024,121.565184,25.069137,0.000526,213.652608,0.000000,753.135053,0.000000,0.000000,0.000000,0.000004,0.000887,-0.006822,0.167757,277.221741,0.000000,0.025212,1.000000,0.000000,0.000526,0.090561
1763991509363,6.397326,272.309601,1.179042,-0.386246,-0.027120,0.999633,-0.001031,121.565184,25.069137,0.000458,213.651760,0.000000,753.150498,0.000000,0.000000,0.000000,0.000002,-0.001754,-0.001535,0.146873,277.226349,0.000000,0.021994,1.000000,0.000000,0.000458,0.090559
1763991509448,6.397324,272.309601,1.179250,-0.386264,-0.027214,0.999631,-0.001036,121.565184,25.069137,0.000310,213.651155,0.000000,753.154942,0.000000,0.000000,0.000000,0.000001,-0.011936,0.007140,0.139278,277.229584,0.000000,0.014567,1.000000,0.000000,0.000310,0.090557
1763991509572,6.397323,272.309631,1.179394,-0.386281,-0.027221,0.999647,-0.001037,121.565184,25.069137,0.000059,213.650598,0.000000,753.146637,0.000000,0.000000,0.000000,-0.000002,-0.003135,0.018254,-0.015608,277.234711,0.000000,-0.000252,1.000000,0.000000,0.000059,0.090556
1763991509650,6.397324,272.309662,1.179275,-0.386270,-0.027220,0.999628,-0.001033,121.565184,25.069137,0.000243,213.650501,0.000000,753.142848,0.000000,0.000000,0.000000,-0.000002,0.002330,0.014633,-0.100126,277.237885,0.000000,-0.000811,1.000000,0.000000,0.000243,0.090557
1763991509748,6.397325,272.309662,1.179127,-0.386273,-0.026991,0.999622,-0.001028,121.565184,25.069137,0.000061,213.650476,0.000000,753.147729,0.000000,0.000000,0.000000,-0.000003,0.001231,0.006991,-0.046266,277.242096,0.000000,-0.000270,1.000000,0.000000,0.000061,0.090558
1763991509846,6.397324,272.309662,1.179215,-0.386278,-0.027117,0.999612,-0.001021,121.565184,25.069137,0.000361,213.650089,0.000000,753.171262,0.000000,0.000000,0.000000,-0.000003,-0.006384,0.000277,0.119491,277.245941,0.000000,0.017112,1.000000,0.000000,0.000361,0.090557
1763991509963,6.397322,272.309662,1.179440,-0.386301,-0.027281,0.999648,-0.001017,121.565184,25.069137,0.000187,213.649556,0.000000,753.167182,0.000000,0.000000,0.000000,-0.000003,-0.012808,0.001361,0.068352,277.250275,0.000000,0.000874,1.000000,0.000000,0.000187,0.090555
1763991510055,6.397322,272.309662,1.179365,-0.386284,-0.027230,0.999658,-0.001010,121.565184,25.069137,0.000475,213.649411,0.000000,753.159823,0.000000,0.000000,0.000000,-0.000004,0.014038,-0.003666,-0.126676,277.253754,0.000000,-0.000946,1.000000,0.000000,0.000475,0.090556
1763991510141,6.397326,272.309662,1.178976,-0.386241,-0.027172,0.999641,-0.001014,121.565184,25.069137,0.000701,213.649459,0.000000,753.155161,0.000000,0.000000,0.000000,-0.000004,0.022580,-0.011427,-0.281331,277.257477,0.000000,-0.002250,1.000000,0.000000,0.000701,0.090559
1763991510247,6.397331,272.309631,1.178415,-0.386203,-0.026890,0.999617,-0.001026,121.565184,25.069137,0.000340,213.649532,0.000000,753.161208,0.000000,0.000000,0.000000,-0.000002,0.015300,-0.014102,-0.248279,277.261871,0.000000,-0.001898,1.000000,0.000000,0.000340,0.090564
1763991510348,6.397332,272.309631,1.178240,-0.386188,-0.026924,0.999594,-0.001033,121.565184,25.069137,0.000416,213.649217,0.000000,753.190714,0.000000,0.000000,0.000000,0.000001,0.007532,-0.012536,0.018440,277.265839,0.000000,-0.020691,1.000000,0.000000,0.000416,0.090565
1763991510438,6.397331,272.309631,1.178450,-0.386183,-0.027069,0.999616,-0.001033,121.565184,25.069137,0.000698,213.648417,0.000000,753.218326,0.000000,0.000000,0.000000,0.000002,0.000150,-0.009197,0.178869,277.269684,0.000000,0.034039,1.000000,0.000000,0.000698,0.090564
1763991510557,6.397328,272.309631,1.178855,-0.386209,-0.027254,0.999634,-0.001032,121.565184,25.069137,0.000283,213.647279,0.000000,753.226850,0.000000,0.000000,0.000000,0.000002,-0.025806,0.001043,0.176346,277.274384,0.000000,0.012867,1.000000,0.000000,0.000283,0.090561
1763991510648,6.397326,272.309631,1.179094,-0.386237,-0.027067,0.999628,-0.001023,121.565184,25.069137,0.000368,213.646649,0.000000,753.235739,0.000000,0.000000,0.000000,0.000002,-0.014361,0.003645,0.152637,277.278107,0.000000,0.017138,1.000000,0.000000,0.000368,0.090559
1763991510737,6.397323,272.309601,1.179379,-0.386253,-0.027171,0.999627,-0.001016,121.565184,25.069137,0.000354,213.645947,0.000000,753.251985,0.000000,0.000000,0.000000,0.000000,-0.005756,-0.000486,0.188224,277.281891,0.000000,0.016087,1.000000,0.000000,0.000354,0.090556
1763991510851,6.397320,272.309601,1.179680,-0.386267,-0.027185,0.999639,-0.001013,121.565184,25.069137,0.000091,213.645123,0.000000,753.258324,0.000000,0.000000,0.000000,-0.000002,-0.003007,-0.003637,0.111987,277.286530,0.000000,0.002598,1.000000,0.000000,0.000091,0.090553
1763991510935,6.397319,272.309601,1.179766,-0.386269,-0.027162,0.999650,-0.001016,121.565184,25.069137,0.000078,213.644566,0.000000,753.262258,0.000000,0.000000,0.000000,-0.000003,0.004340,-0.005162,0.018471,277.289948,0.000000,0.000375,1.000000,0.000000,0.000078,0.090552
1763991511071,6.397321,272.309601,1.179576,-0.386247,-0.027289,0.999646,-0.001030,121.565184,25.069137,0.000604,213.644057,0.000000,753.252058,0.000000,0.000000,0.000000,-0.000005,0.004471,-0.001396,-0.181368,277.294891,0.000000,-0.001450,1.000000,0.000000,0.000604,0.090554
1763991511132,6.397324,272.309631,1.179261,-0.386234,-0.027139,0.999635,-0.001037,121.565184,25.069137,0.000793,213.644081,0.000000,753.238799,0.000000,0.000000,0.000000,-0.000005,0.006158,0.004519,-0.287352,277.297699,0.000000,-0.002091,1.000000,0.000000,0.000793,0.090557
1763991511246,6.397328,272.309631,1.178754,-0.386215,-0.027043,0.999611,-0.001039,121.565184,25.069137,0.000381,213.644372,0.000000,753.237633,0.000000,0.000000,0.000000,-0.000003,0.015434,0.003825,-0.189313,277.302277,0.000000,-0.001272,1.000000,0.000000,0.000381,0.090560
1763991511354,6.397328,272.309631,1.178639,-0.386200,-0.027072,0.999603,-0.001036,121.565184,25.069137,0.000124,213.644300,0.000000,753.256502,0.000000,0.000000,0.000000,-0.000001,-0.001448,-0.001584,0.041924,277.306458,0.000000,0.005779,1.000000,0.000000,0.000124,0.090561
1763991511448,6.397327,272.309631,1.178757,-0.386198,-0.027097,0.999633,-0.001027,121.565184,25.069137,0.000198,213.643960,0.000000,753.265172,0.000000,0.000000,0.000000,0.000000,0.004809,-0.003875,0.077122,277.310059,0.000000,0.009480,1.000000,0.000000,0.000198,0.090560
1763991511552,6.397327,272.309631,1.178873,-0.386211,-0.027161,0.999630,-0.001022,121.565184,25.069137,0.000104,213.643597,0.000000,753.268378,0.000000,0.000000,0.000000,0.000001,-0.015528,-0.003763,0.057169,277.313965,0.000000,0.004614,1.000000,0.000000,0.000104,0.090560
1763991511667,6.397326,272.309631,1.178952,-0.386246,-0.027099,0.999630,-0.001017,121.565184,25.069137,0.000197,213.643258,0.000000,753.271656,0.000000,0.000000,0.000000,0.000001,-0.015825,0.000220,0.039116,277.318787,0.000000,0.009757,1.000000,0.000000,0.000197,0.090559
1763991511736,6.397326,272.309631,1.179013,-0.386266,-0.027118,0.999625,-0.001014,121.565184,25.069137,0.000197,213.643064,0.000000,753.274862,0.000000,0.000000,0.000000,0.000001,-0.015344,0.001620,0.055633,277.321594,0.000000,0.009612,1.000000,0.000000,0.000197,0.090559
1763991511842,6.397325,272.309631,1.179133,-0.386308,-0.027138,0.999630,-0.001016,121.565184,25.069137,0.000041,213.642870,0.000000,753.268596,0.000000,0.000000,0.000000,0.000001,-0.019546,0.008601,0.054435,277.325867,0.000000,0.001307,1.000000,0.000000,0.000041,0.090558
1763991511947,6.397324,272.309631,1.179216,-0.386331,-0.027073,0.999627,-0.001017,121.565184,25.069137,0.000113,213.642870,0.000000,753.267067,0.000000,0.000000,0.000000,0.000000,-0.008951,0.008259,0.046271,277.330139,0.000000,0.005189,1.000000,0.000000,0.000113,0.090557
1763991512064,6.397323,272.309601,1.179304,-0.386346,-0.027171,0.999630,-0.001021,121.565184,25.069137,0.000104,213.642870,0.000000,753.264881,0.000000,0.000000,0.000000,-0.000001,-0.006666,0.010420,0.047763,277.334290,0.000000,0.004842,1.000000,0.000000,0.000104,0.090557
1763991512141,6.397323,272.309631,1.179396,-0.386355,-0.027147,0.999627,-0.001023,121.565184,25.069137,0.000073,213.642895,0.000000,753.263278,0.000000,0.000000,0.000000,-0.000001,-0.008313,0.013997,0.067091,277.337646,0.000000,0.002921,1.000000,0.000000,0.000073,0.090556
1763991512296,6.397321,272.309692,1.179549,-0.386364,-0.027148,0.999636,-0.001023,121.565184,25.069137,0.000152,213.643185,0.000000,753.250893,0.000000,0.000000,0.000000,-0.000002,-0.000001,0.012839,0.058372,277.343201,0.000000,0.000873,1.000000,0.000000,0.000152,0.090554
